r_upleg_JNTa_x,r_upleg_JNTa_y,r_upleg_JNTa_z,r_upleg_JNTw_x,r_upleg_JNTw_y,r_upleg_JNTw_z,
0,0,0,0,0,0,
-2.416992,1446.565,-115.2832,54.94476,0.2015686,10.68169,
2.416992,-1446.565,115.2832,0,0,0,
-18.54248,2567.142,-233.1238,100.3683,4.472351,15.77818,
9.858704,-1571.062,130.4688,39.88373,1.959686,6.104944,
7.534027,-757.9971,76.24817,9.58313,0.1882935,1.617455,
-7.226563,1550.899,-185.5713,-3526.977,1.032562,11.79382,
9.1362,-870.8481,75.01831,11.07952,-7.828522,-3.571181,
7.580566,140.7669,-15.78979,2.580876,-13.20236,-7.646513,
-8.340454,-1058.9,152.7496,0,0,0,
-3.141785,2481.625,-336.6272,4.635639,-21.72501,-13.99064,
-5.819702,-1717.516,238.9435,-5.964723,-5.894012,-4.743822,
-6.663513,187.1841,-20.60242,-13.34497,-7.26181,-6.213648,
-19.46793,-27.70691,24.24316,3531.556,-11.43753,-10.99025,
9.18808,-870.5307,109.6924,-64.60999,-6.01532,-6.930645,
-1.596069,22.11914,22.68066,-63.26233,-5.179596,3592.297,
-12.78152,10.56976,9.60083,-87.8241,-8.801727,-12.92694,
-16.48636,-49.50714,102.2461,-208.3914,-24.39728,-10.11597,
28.37372,-75.53406,-88.51318,-131.4182,-9.367981,-6.213684,
13.26141,-10.32104,-42.93213,-74.90326,0.483551,-7.127991,
1.196289,-23.35205,-12.5061,-79.9176,12.68723,-17.79266,
0.5874634,0.1327515,-13.97095,-63.72711,48.33481,-53.1015,
6.70929,30.88379,-0.06103516,-27.7478,80.66742,-82.41364,
-15.1062,-88.54218,-12.64038,-18.56903,1045.819,-1053.541,
12.21771,83.99506,25.89111,21.91132,98.87787,-103.2903,
-4.061127,-67.51099,3.613281,53.51898,82.37274,-91.62903,
17.63382,102.6062,18.56384,-0.4458618,-30.43121,26.73187,
-0.3036499,15.92865,-10.62927,-5.694275,-22.35809,21.66351,
4.178619,28.16772,7.232666,-19.65393,-50.28564,52.93045,
-2.732086,6.867981,-3.491211,-20.83679,-101.7004,104.5757,
-6.732178,21.73157,-7.830811,-19.51965,-294.1202,298.1659,
1.721954,1.159668,-2.655029,3.024597,-413.4676,417.865,
32.40738,252.3651,-39.06555,244.3307,-450.1564,483.5828,
-18.28232,-235.1151,-14.73694,85.44495,-13.17947,23.6261,
31.7894,-5.343628,-94.31152,190.7504,-4.224854,-3567.616,
-13.12103,-101.6129,76.35803,83.06152,-0.8151245,18.28295,
-13.83972,6.178284,41.09192,29.15497,1.313629,6.476946,
31.82526,-64.22577,-48.48022,92.00439,4.636536,17.14361,
-14.79263,25.8316,54.68445,51.57654,7.491608,10.70322,
4.316711,-16.30859,4.226685,54.20013,8.844299,11.4065,
-10.17838,17.90314,54.32434,-3545.046,16.90353,12.35917,
11.80954,-41.58783,43.67371,72.9417,23.41721,19.22726,
-40.6044,74.45068,-57.79724,19.50589,4.783325,2.16732,
-16.24222,-10.38361,20.69397,34.16859,5.917053,-1.079617,
-1.579285,9.947205,-12.36572,25.66303,1.70578,-2.397242,
-1.738739,6.248474,-6.591797,21.11917,-1.07605,-3.693619,
18.0542,19.20166,-31.9519,0,0,0,
-49.08981,-46.74683,77.53296,46.44068,11.1618,0.1211834,
38.45062,36.86371,-55.34058,5.643768,8.944092,4.018641,
-6.443024,-3.733826,36.52039,-8.636684,34.16092,16.731,
6.351471,6.347656,-27.89307,-4.900227,18.59283,8.746519,
19.11469,6.343079,-43.91479,6.621208,1.105194,0.998621,
0.8491516,-1.643372,-14.94751,15.20079,5.993652,3.20857,
-9.233093,2.56958,28.0426,0,0,0,
0,0,0,0,0,0,
0,0,0,0,0,0,
0,0,0,0,0,0,
0,0,0,0,0,0,
0,0,0,0,0,0,
0,0,0,0,0,0,
0,0,0,0,0,0,
0,0,0,0,0,0,
0,0,0,0,0,0,
0,0,0,0,0,0,
0,0,0,0,0,0,
0,0,0,0,0,0,
0,0,0,0,0,0,
0,0,0,0,0,0,
0,0,0,0,0,0,
-317.8062,172.6593,-61.33728,2473.455,502.8255,2737.701,
327.6787,-263.3667,36.203,17.57874,457.4272,-460.9586,
4.482269,30.45654,12.52747,21.52222,97.40906,-97.57385,
-0.7461548,19.99207,7.070923,13.99872,19.53461,-18.51013,
6.253815,27.93579,12.854,3.738098,-34.97894,41.78223,
-5.73349,28.4729,5.853271,-5.175171,-62.75909,70.5249,
0.08087158,-0.1037598,-0.668335,-3.716125,-68.7323,76.54633,
-7.35321,108.6777,16.52222,-12.69806,-397.5797,411.0571,
-5.522919,-91.64581,-23.57178,3.618164,-106.6801,109.8511,
-0.0213623,106.4835,2.301025,54.36157,-327.7203,337.959,
2.601624,-65.20233,-5.545044,43.59131,-81.13922,86.96777,
2.928925,-12.38251,8.334351,49.6051,-40.80688,46.09039,
5.142212,27.71301,-6.332397,88.46771,-38.85757,48.19946,
43.33115,-27.57263,-66.64124,193.2889,-19.32114,52.02301,
-21.96732,-86.56769,-17.6239,133.649,-6.435089,-3574.527,
-7.21817,-9.7229,44.18945,49.3045,-3.074036,12.0609,
26.03302,-76.70746,-48.37341,110.0836,-5.467987,22.01868,
-21.26999,45.5658,67.42554,46.89941,-3.465881,10.19154,
-9.706879,13.11798,3.289795,34.17175,-2.380676,6.476631,
16.79459,-32.29523,13.61694,-3541.603,-0.6932068,12.76073,
-6.217957,18.40973,20.96863,46.41476,2.219543,11.76085,
-25.95901,52.21252,-13.98926,11.61811,1.163025,2.765017,
-9.155273,-26.05286,127.5452,107.8589,29.897,28.02191,
3.35083,39.9231,-134.6191,0,0,0,
-45.75882,2.430725,97.7478,42.40189,24.94263,14.7172,
25.45319,-0.01983643,-61.39526,10.73772,11.08948,6.156483,
1.911926,-1.036072,-4.284668,7.206821,10.923,6.107178,
-4.599762,0.7598877,8.251953,9.024124,14.245,8.353319,
11.37161,-2.883911,-12.04224,1.268845,16.27792,9.923134,
-3.403473,-1.15509,21.4386,1.189137,22.58682,14.62664,
23.85788,-2.185059,-31.75354,1.188583,-14.85397,-7.089958,
-2.193451,1.147461,-4.364014,0.7868385,-11.25076,-5.424328,
-6.639099,2.941895,-13.59863,0,0,0,
35.61707,2.738953,-8.001709,-19.33104,-34.61121,-19.90355,
12.02927,13.63831,-21.37451,-36.41457,-51.62506,-30.18349,
-27.14539,-8.576965,15.43884,-16.75436,-20.93384,-11.19944,
-0.1937866,6.672668,-8.7677,-25.5636,-19.42398,-11.69781,
11.33041,5.467224,-11.53259,-39.33521,-27.49619,-14.54428,
-23.66333,16.84418,-2.578735,-58.43508,-29.32236,-14.7032,
-3.292847,17.81616,-39.68811,3481.465,-54.05624,-16.1443,
-28.19138,-9.912109,57.5531,-62.4173,-22.87674,4.473634,
-0.9536743,-14.46075,31.6864,-60.31647,-23.24829,8.8274,
24.46365,-30.22766,-12.73499,0,0,0,
-93.61343,62.52747,47.78442,-116.0266,-5.880127,5.343413,
-5.879974,-69.83337,46.81702,-148.6462,3.222351,5.999155,
25.42572,-28.71094,-46.54846,-104.4354,7.440643,-7.090721,
-14.73923,-27.82135,-27.03247,-147.1542,7.957458,-14.25123,
12.20779,-14.25629,-44.99207,-122.5241,20.78232,-34.11007,
13.9122,-8.950806,-39.90784,-99.3512,967.675,2614.016,
61.31592,61.06262,30.33447,27.45056,471.7902,-476.7799,
0.9010315,11.05804,14.42566,16.99066,49.29535,-52.23877,
39.88495,-38.5025,-10.58044,34.48883,-37.64038,35.12405,
-26.85089,37.33368,21.54846,9.467468,-8.345642,7.786865,
-12.56409,16.09344,8.151245,0,0,0,
60.88181,-57.41272,-10.20813,20.30243,-34.16687,36.86249,
-48.25897,111.6104,59.31702,-35.69489,-72.27722,76.30432,
-9.216309,-10.90088,-20.3064,-24.50043,-142.6611,144.3636,
-3.406525,-43.29681,-28.80249,0,0,0,
-14.88647,162.442,36.84082,35.90088,-947.0094,947.2984,
36.39984,2.868652,-67.74292,150.0156,-172.7281,175.8105,
10.53772,-63.62457,-33.18176,124.8642,-38.37646,37.68829,
13.90686,-57.4646,8.737183,95.06683,-21.07849,20.76111,
-3.617859,-18.97583,-17.453,94.8996,-15.35339,9.521179,
-42.34009,-25.24567,72.79968,0,0,0,
190.9599,-137.9944,-165.5182,231.7484,7.792969,-3582.662,
-100.5577,-15.5365,112.8662,-3469.921,27.63489,12.68847,
-90.40222,153.5309,52.65198,0,0,0,
16.9426,-81.26831,13.40027,75.25915,30.78049,13.11014,
-19.50455,34.13391,21.80176,46.11309,17.37991,9.383764,
-0.4737854,35.36987,-20.67871,11.40227,2.941589,1.323118,
-31.92444,-21.13037,30.2887,45.90368,3.13385,-2.331429,
-37.55798,1.321411,43.87817,60.77408,-23.00751,-19.99223,
27.56882,19.46716,-38.8855,29.5834,-19.68964,-16.80573,
44.94934,12.10632,-49.80469,0,0,0,
-83.79364,-19.7052,106.4423,47.36221,-18.66043,3580.677,
63.15842,13.31024,-72.23511,12.22889,12.53021,7.639771,
15.23438,4.35791,-24.49646,3.426056,5.53009,3.669739,
-9.635925,-3.520203,17.55981,9.511032,15.92041,-3589.158,
5.667114,-0.9857178,-4.519653,7.415466,28.79272,20.57561,
6.222534,4.437256,-12.99133,1.587639,15.09415,10.98897,
20.47195,21.90704,-26.87073,-32.22446,24.39667,16.35031,
-3.793335,-6.008911,3.00293,-22.59521,4.320221,1.167641,
3.276062,0.3372192,-2.746582,-23.45367,-6.880341,-6.76827,
-16.80756,-14.12964,16.85486,0,0,0,
37.37259,32.04041,-41.46423,-51.47736,-10.06409,-11.83201,
-0.3059387,9.777832,-15.09094,-58.97223,-5.952301,-11.27368,
-30.01022,-18.34869,30.16663,-22.89192,-1.365814,-4.846525,
4.593658,15.64484,-24.1394,-41.75453,-2.058411,-8.7189,
-38.00507,31.79626,-11.2793,-52.11081,-2.811584,-9.875693,
-64.86359,94.81201,-22.33276,3440.125,-9.209137,3568.362,
27.45285,-94.96307,68.45703,-83.08502,-5.165405,-13.34229,
26.8692,-38.237,15.02686,-42.91809,-3.186798,-6.377869,
-37.21848,14.94446,16.50085,-106.6809,-2.49939,-11.92657,
74.11499,-47.46704,-15.84473,0,0,0,
-61.02524,-12.26349,44.06738,-138.111,3.26767,-11.83807,
24.63379,-62.97913,-16.15601,-135.5295,21.50925,-25.32898,
32.341,30.12085,-13.17139,-52.28424,23.32123,-20.00732,
-0.1663208,-148.6603,-2.389526,-169.6268,311.5155,-303.931,
2.604675,115.9592,-25.96436,-24.43817,524.2136,-523.7213,
-0.1358032,25.88043,8.996582,16.72211,284.541,-278.6829,
1.708221,6.015015,4.873657,22.40082,132.085,-126.774,
1.402283,35.8429,4.293823,4.913635,14.90417,-13.08838,
7.912445,-15.2832,14.41956,11.61255,27.11304,-21.98059,
11.92932,27.07672,8.807373,-4.004211,-20.6308,22.74506,
-21.20438,-1.708984,-27.7771,0,0,0,
92.35535,172.58,167.868,-24.44519,-856.8439,862.3691,
-92.35535,-172.58,-167.868,0,0,0,
51.50146,182.5134,58.37097,140.3391,-351.7601,357.785,
-32.49054,-87.36725,-74.54834,96.15234,-49.1243,52.53998,
3.636169,-8.091736,-39.84375,131.9165,-32.99088,41.03699,
-9.04541,-51.58844,-0.4852295,88.22601,-12.80991,15.49774,
6.468201,-37.61597,-40.17334,114.5746,-8.654785,12.40204,
19.48471,-71.91925,41.46118,98.15491,-3.968048,-3578.61,
12.3024,-8.938599,21.41418,85.16052,21.48712,13.04581,
-17.43088,8.416748,4.919434,60.59753,14.8436,10.51038,
20.6459,-14.40887,35.19287,-3534.883,22.31674,20.69896,
-30.57556,59.34143,10.70862,19.63539,9.407654,9.867029,
-24.49646,29.65851,-17.0166,0,0,0,
70.83817,-118.28,72.95227,78.18188,36.87576,39.85986,
-71.29517,95.35217,-47.86072,20.11841,5.418091,5.454111,
-6.748199,3.987122,0.8636475,19.36064,3.526764,3.132181,
-12.13837,0.8071899,6.87561,24.25663,6.329498,3.584061,
-73.89297,12.25128,42.70935,51.53206,24.07074,7.685061,
63.23853,3.625488,-51.81885,15.25702,13.67432,6.565065,
7.277679,-0.2182007,-6.09436,4.384708,33.03314,18.28556,
-1.470947,-0.2166748,1.538086,3.617058,36.5387,21.04995,
24.19128,2.69165,-19.16504,0,0,0,
-28.06015,26.27258,35.16541,-12.77809,-4.834442,-3.206558,
29.82864,-20.54443,-45.38574,3.766823,-0.9371948,-0.09958267,
5.618286,6.088257,-15.39917,7.283993,-12.46246,-7.535048,
14.58893,-2.236938,-10.5072,-0.4648781,-58.07175,-39.14145,
12.64954,12.44049,-25.75073,-16.78917,-87.58469,-58.02604,
-26.62888,-9.22699,38.94653,-16.11263,-20.43777,-14.26504,
1.087952,0.2441406,-0.680542,-17.19902,-20.39856,-13.43865,
2.339935,28.33405,-31.38428,-55.75504,-24.21677,-15.71827,
-7.10144,-22.41364,28.30811,-28.10385,-9.352112,-5.456765,
-7.224274,5.795288,-5.096436,-35.60511,-7.875519,-5.303664,
-1.751709,0.3601074,-6.066895,-41.79784,-8.902893,3594.561,
-12.52136,83.76923,2.072144,3478.337,-36.10062,-3.735962,
-13.0249,-34.66949,17.65137,-147.2742,-44.14124,-3589.003,
8.869934,-55.06744,32.67517,-40.39124,4.050446,-2.308078,
-3.670502,-5.111694,0.7354736,-47.77191,4.929657,3595.902,
-18.44635,-33.43506,81.99768,-155.9335,18.72787,-2.15332,
43.44635,19.40155,-97.28088,0,0,0,
-37.3291,-53.25165,45.26978,-122.3361,26.80771,-19.3515,
16.23917,-57.61566,-35.19897,-146.4014,61.97678,-57.59308,
21.08994,110.8673,-10.0708,0,0,0,
28.09982,-117.2531,17.53845,-85.83221,187.5159,-190.477,
23.1369,-26.64032,-5.477905,-31.27838,571.3193,-579.1324,
-43.03207,123.6771,-4.727173,8.060913,54.95941,-58.15735,
-8.921814,14.82239,2.89917,6.039124,21.46729,-24.61334,
-5.143738,11.95221,-4.019165,1.074829,-6.134338,4.759827,
-7.180023,7.917786,7.183838,2.433472,-13.32855,10.28015,
-34.13239,80.9433,7.983398,-6.174927,-161.3432,162.1796,
26.7868,-25.8606,-9.130859,7.605896,-170.8702,174.3973,
0.3303528,184.9335,-2.374268,124.6646,-380.757,406.6974,
20.05615,-254.4922,-9.875488,0,0,0,
43.67294,159.0027,-77.52686,184.1821,-77.86713,117.309,
11.63406,-141.9571,-36.68518,138.9474,-9.319305,38.57483,
-18.64319,-53.46375,30.79529,81.77856,1.148071,18.58154,
2.452087,-23.93341,37.78076,49.17114,-1.776123,-3576.924,
-12.89139,1.948547,-17.64832,60.69031,7.476654,10.95122,
-10.97717,14.39667,20.71838,39.7403,4.982758,7.062922,
49.21646,-90.90118,-2.905273,-3473.984,29.40994,26.63899,
-27.21329,38.54218,35.11047,70.00728,19.90479,18.45992,
-20.95261,74.49341,32.80029,22.11971,7.573242,7.396288,
2.359009,-6.652832,13.54675,23.27684,8.126068,8.051319,
-18.65692,28.52478,-35.98633,0,0,0,
16.42609,-52.92816,81.79932,46.87653,12.00867,11.89365,
-27.96631,12.64648,3.619385,43.33176,7.759247,4.944286,
-15.06729,19.76624,-19.08569,30.98764,3.907166,-0.9438419,
-4.458618,14.41803,-3.530884,22.69629,16.4325,6.937809,
-1.531982,3.858948,1.742554,21.47644,21.73538,11.16712,
-3.777313,-0.3112793,9.832764,24.74035,27.33475,15.90362,
-1.083374,25.11749,-19.87,10.61554,1.291199,-3.548021,
26.71585,-11.77063,-45.26978,2.250328,-0.6268311,-1.592274,
-2.996063,8.184814,-5.554199,2.091713,-1.662903,-2.450104,
13.73901,-18.98193,-3.683472,0,0,0,
-22.23892,15.00549,-14.74304,11.53507,-2.74353,-4.115019,
23.29178,-12.05444,-4.364014,-3.580399,-16.59836,-13.40014,
20.76492,8.746338,-29.81567,-29.07209,-58.00476,-43.27152,
-4.545593,-3.143311,17.25464,-24.58242,-29.18961,-19.61017,
-6.973267,-1.800537,12.73804,-21.80593,-5.401611,-2.267113,
5.573273,1.954651,-9.973145,-33.83356,-7.861481,-2.798939,
-10.81467,9.814453,1.379395,-36.97025,-5.575256,-3.833251,
-4.759979,2.418518,-1.138306,-40.29202,-4.79248,-4.281921,
-9.744263,21.04492,1.574707,-48.02858,-6.985168,-7.937202,
-2.877045,-2.639771,8.972168,-36.32246,-5.888367,-7.272809,
12.32376,-39.34631,18.11523,0,0,0,
-151.6823,403.9703,-43.02368,3281.977,-38.05557,3539.965,
151.6823,-403.9703,43.02368,0,0,0,
-49.58191,12.90436,51.63574,-159.118,-2.159119,-27.85034,
43.98575,-40.35797,-36.5448,-42.21741,5.636749,-10.47211,
-3.339386,-24.58344,0.9521484,-65.47394,12.06604,-19.58832,
1.493835,-104.4144,-7.675171,-125.8594,68.74069,-83.20435,
8.436584,119.5145,-10.1593,-22.00104,25.31799,-27.79083,
1.999664,-35.74219,-4.403687,-39.51538,63.34442,-67.87567,
14.27307,-80.34668,28.19214,-54.01337,271.7967,-286.1917,
-17.26761,153.0258,-21.99707,0,0,0,
25.75684,-153.3554,19.35425,-0.3579712,407.3785,-424.4449,
-25.90256,147.5418,-15.12451,1.901855,24.13757,-25.97565,
-15.53497,40.96375,20.3186,-7.818909,-0.4962158,-3.390198,
8.945465,-19.07349,-14.73694,-3.64502,-3.633423,2.166748,
-14.74228,77.72522,27.47192,-16.39404,-156.2791,158.7067,
13.18512,-43.28308,-20.83435,-1.286621,-119.0608,121.524,
7.928467,178.7262,-5.480957,109.9231,-444.8254,468.4818,
15.41748,-73.60077,-48.82813,119.545,-104.0923,121.6592,
24.20425,-67.0929,-8.047485,123.4735,-35.59586,57.29858,
-39.25781,-88.55133,45.90759,0,0,0,
90.83557,8.67157,-117.7185,215.332,-22.96661,61.8103,
-46.63544,-69.36188,90.8844,65.2594,-5.67276,-3577.506,
0.3242493,-44.93408,-16.91895,90.26031,5.174103,14.04971,
-21.90628,24.90997,18.26782,53.71033,5.111694,5.504751,
6.561279,-7.418823,58.3374,-3505.163,18.91205,4.067485,
-14.58893,32.23419,8.898926,43.79403,9.030151,3.049529,
3.070831,-12.76703,19.29321,60.22095,11.76773,6.495342,
-7.346344,38.89465,-13.58948,40.52204,7.442932,6.00472,
-3.569794,-5.249023,10.25085,38.02084,10.12619,8.511868,
-6.745148,35.02045,-57.70569,0,0,0,
5.500031,-64.62708,101.6968,57.82335,25.83542,21.80709,
-4.885101,28.82843,-49.02039,26.9112,22.04529,18.44344,
3.712463,-8.479309,20.10803,28.25249,57.84256,42.32846,
1.212311,21.90857,-32.34253,11.62651,39.22012,29.26792,
6.68869,8.8974,4.830933,11.85734,54.66797,42.28708,
-8.914948,24.72992,-45.77026,0.9128952,10.07782,7.463017,
-0.09918213,-0.5325317,0.1922607,0.825386,4.488678,3.716545,
-1.650238,-6.427002,2.529907,0.14328,-31.35986,-20.71196,
0.2754211,1.983643,-6.262207,-2.964134,-28.9447,-19.37477,
-1.839447,-6.282043,4.037476,0,0,0,
6.611633,26.46027,-40.33508,-21.34949,-53.87527,-37.19245,
36.17096,-6.364441,-65.40527,-75.68708,-53.9241,-42.06274,
-9.184265,-7.672119,24.39575,-61.83096,-33.36502,-22.7579,
-26.84326,10.41412,36.37085,-41.67315,-12.61093,-13.91055,
-12.10938,29.06036,-26.66626,-71.3819,-15.69366,-20.49728,
-14.41574,-6.411743,41.75415,-36.35859,-4.21814,-10.23876,
-14.22806,16.72821,-21.68579,-56.66809,-5.728149,-15.69468,
33.99811,-62.21466,51.57166,0,0,0,
-130.6664,193.7561,32.17773,3436.049,0.01174927,3559.565,
130.6664,-193.7561,-32.17773,0,0,0,
-199.5972,123.9029,136.7218,-353.1366,21.97815,-69.36829,
194.2879,-133.5648,-122.7417,-50.9494,0.7090759,6.538696,
-6.130981,-18.67065,-3.201294,-83.41339,-2.321014,9.890137,
7.345581,14.81476,-8.517456,-32.63702,-0.630188,9.190674,
-2.918243,-8.032227,-2.780151,-41.93726,-3.029327,11.87195,
1.599121,-9.814453,8.935547,-33.41705,12.50458,-6.601563,
-2.233124,-9.477234,3.927612,-35.34271,28.29681,-23.00659,
19.87,-45.28046,30.49316,-35.98419,122.753,-127.4899,
2.238464,26.62354,-12.96692,-16.6391,131.297,-135.1651,
5.039215,16.05682,-1.712036,-2.66449,97.83112,-104.1766,
-19.50073,43.44177,-28.15857,0,0,0,
14.80408,8.172607,18.71033,19.6286,-76.12366,65.44434,
-15.52582,19.53735,-14.10217,23.46985,-78.32047,71.61255,
-10.12192,27.79236,-4.751587,52.91321,-89.67651,79.10645,
-1.652527,-15.04974,-6.82373,42.4942,-39.55215,31.77887,
0.7781982,57.80182,-17.65747,113.5574,-61.80145,56.78375,
7.104492,9.024048,-78.65601,201.0693,-48.10501,46.31897,
15.97061,-108.3557,-28.15552,170.7986,-21.7717,24.73846,
18.88123,-27.89612,99.89014,49.20044,-2.01767,18.64502,
13.77411,-30.97687,-20.83435,73.99506,1.125793,25.22125,
-5.619049,-2.432251,17.00439,58.73962,6.386566,18.65326,
-38.3934,62.38251,35.37598,0,0,0,
62.36496,-124.913,-37.18567,-3498.614,18.84308,-3564.674,
-32.79953,62.44507,47.75696,48.43752,13.34564,19.50254,
-21.12427,36.70197,59.14307,50.95976,14.4754,16.42753,
-1.273346,-20.75653,31.49414,69.86017,21.79657,25.36644,
-25.88501,40.01465,-56.95801,23.63169,1.188507,0.9937954,
-3.539276,-2.861023,5.484009,26.65712,1.621399,1.429958,
4.949951,-1.419067,-14.39514,18.55448,1.365204,1.486378,
-8.800507,-6.469727,15.16418,27.26532,2.38205,2.497759,
13.60321,3.063965,-26.42822,13.91388,11.35345,9.172812,
-6.466675,-9.69696,13.0188,21.7976,20.2182,16.95015,
18.97049,23.89069,-37.09412,0,0,0,
-29.94003,6.707764,48.16589,-21.96026,53.39844,37.35316,
18.65387,-11.03363,-55.23376,-1.622314,5.349731,1.880474,
11.28616,4.325867,7.067871,0,0,0,
1.828766,-13.43231,-61.24878,3.756065,-34.5694,-30.15946,
6.370544,13.13934,20.05615,-11.33411,-27.13425,-24.06148,
5.578613,0.2716064,-1.11084,-16.6341,-25.5957,-21.21942,
-13.77792,0.0213623,42.30347,0,0,0,
48.98148,7.058716,-139.4318,-69.65524,-54.08875,-41.52243,
-48.98148,-7.058716,139.4318,0,0,0,
39.08539,11.64246,-153.1525,-87.26185,-22.76443,-15.4844,
-57.4234,59.13849,17.66663,-70.93781,-17.50488,-10.43522,
-4.593658,-14.62708,99.61548,-45.25185,-9.944458,-5.849157,
-19.36188,38.62,31.95801,-66.1184,-11.21689,-8.034526,
3.526306,-24.01276,15.09094,3543.308,-7.395935,3593.013,
-24.68872,18.12134,44.53125,-84.87061,-4.353943,-13.72711,
63.45596,-88.88245,-55.70984,0,0,0,
-95.50629,90.62042,70.43762,-118.7491,5.07431,-30.03448,
13.01804,-85.8078,67.10205,-182.5574,15.76202,-32.96997,
8.371735,-86.22284,-63.60168,-177.1924,39.11957,-59.44153,
79.29993,4.600525,-51.46179,-96.81152,58.18726,-56.10016,
-5.183411,76.80969,-22.4762,0,0,0,
54.46777,-89.56757,49.67651,-62.75513,134.2308,-122.4094,
-54.46777,89.56757,-49.67651,0,0,0,
59.19037,-60.34851,82.37305,-10.73334,130.6528,-119.931,
-54.40216,54.28314,-74.06311,0.2166748,5.851593,-4.750061,
3.207397,-5.859375,8.383179,1.744385,0.8869934,1.351624,
3.814697,-4.933167,7.098389,2.645874,0.6478882,2.566833,
-20.88013,36.86523,-26.35498,6.934814,-65.03296,60.65887,
-0.958252,1.748657,-0.7781982,9.562683,-66.28357,61.01532,
10.02808,-21.75598,3.341675,0,0,0,
5.316162,69.69299,-124.6674,90.1535,-141.4333,124.4058,
13.56812,-30.44891,77.84424,60.87006,-34.28177,30.09583,
18.10608,53.36304,-28.22876,126.7444,-42.59903,50.13367,
40.58685,-15.60516,-123.8098,233.0127,-31.43494,48.52448,
-77.57721,-77.00195,198.8617,0,0,0,
68.05954,-50,-127.6093,160.9995,-9.238281,38.7851,
-68.05954,50,127.6093,0,0,0,
17.9039,-36.73248,-37.68311,66.73462,4.901276,10.06409,
11.57074,-30.5069,44.47937,-3520.972,16.28357,14.9408,
-1.263428,31.90613,29.29382,29.53328,12.23816,-3588.608,
-28.21121,35.33325,-36.09009,0,0,0,
58.97446,-70.99762,78.18604,47.11356,25.21622,25.29163,
82.15027,-92.96722,164.9658,74.01967,53.11295,59.07521,
-143.6317,147.2778,-183.4778,14.92435,4.872742,4.206429,
2.507019,16.68701,-59.67407,0,0,0,
-19.46716,-15.43274,98.27271,24.10152,4.462738,2.218628,
-2.890778,19.45648,-55.15747,9.837494,-1.577911,-3.881111,
-14.74915,4.940796,18.59131,14.69984,-0.78125,-5.282068,
11.8248,-0.5081177,-30.37415,8.088188,2.002258,-1.947851,
-13.56888,2.882385,16.52527,13.52249,8.447571,1.708097,
23.3017,-15.5838,-24.15161,8.999157,22.78412,17.81064,
-2.848816,-1.828003,4.412842,10.54447,30.12283,24.78841,
18.39828,6.072998,-28.1189,0,0,0,
26.62506,-22.67609,-63.0249,-4.512386,-20.18921,-8.736067,
-26.62506,22.67609,63.0249,0,0,0,
14.93454,-5.244446,-52.771,-12.01881,-30.68512,-23.77169,
-7.421875,10.90698,6.729126,-16.56515,-20.07202,-19.29495,
2.852631,0.8529663,-14.328,-21.79388,-23.90518,-22.42499,
-10.3653,-6.515503,60.36987,0,0,0,
-23.33145,76.6037,-321.9666,-140.6841,-45.5719,-57.71136,
10.16312,-46.36688,297.0428,-16.92177,-5.203705,3596.372,
-19.19403,43.37616,-33.05054,-44.79386,-13.94516,-8.555603,
32.36237,-73.61298,57.97424,0,0,0,
-89.73999,192.1646,12.9303,3500.262,-28.38242,-13.75793,
16.41693,-77.56653,48.32458,-76.45905,-12.64603,-11.60492,
-42.2821,3.85437,59.11865,-113.2297,-7.078247,-24.59686,
63.75732,-172.493,98.01025,-197.6981,27.81769,-29.03381,
13.3461,-73.01483,-86.40137,-166.994,45.10605,-50.54504,
54.85153,-43.60962,-34.07593,-131.6678,116.4838,-117.4228,
41.44974,70.75653,-26.00708,-38.078,108.0862,-99.81171,
15.30609,11.13739,-1.495361,-20.79315,117.9506,-108.707,
72.11304,-46.7514,74.20044,-6.551514,118.9049,-102.4829,
-145.2187,135.5225,-144.6045,0,0,0,
127.7489,-107.2098,121.2097,2.434082,31.75903,-10.66254,
-73.66028,106.1096,-93.99109,5.769043,-49.39651,65.85846,
-145.0462,274.5758,-182.8613,42.97546,-260.1482,292.0035,
49.2836,-161.2686,104.4159,41.75812,-85.94223,94.19403,
29.1275,-70.69702,28.93982,18.45764,-23.81927,24.93896,
-10.60562,38.44147,-21.39587,39.41742,-35.12833,35.88989,
3.897095,-9.376526,5.767822,41.09985,-19.12186,15.27893,
0.3379822,-0.2975464,-10.31189,46.5863,-13.43826,8.527527,
3.75061,-20.08972,-5.39856,44.88708,-3.563232,-3.340149,
15.16647,-50.18768,53.62549,0,0,0,
-5.821991,52.53906,-214.859,170.0345,-5.424805,-8.809509,
-0.08468628,-74.86877,69.56177,98.17169,-5.274811,-8.327637,
56.22482,-31.19354,62.2345,86.18408,-4.716644,21.22559,
-25.69962,22.40601,54.87366,32.33826,-0.8454895,9.683838,
4.337311,-10.93292,-22.50366,53.54034,8.312836,12.48413,
5.39856,-33.3313,-19.60449,-3526.481,12.40646,17.75818,
-15.3511,-40.57922,27.87781,65.70303,29.67621,-3577.671,
-15.70587,38.61847,29.52271,36.37859,19.33258,15.46738,
11.83624,64.64233,54.17786,76.89912,19.27902,24.25337,
-15.13367,12.69989,-41.28113,0,0,0,
14.41879,-16.28418,121.3593,112.9011,-9.530029,11.17306,
-35.42633,-7.788086,-21.86584,55.99497,-70.2887,-46.15823,
0.9735107,4.881287,-83.60291,18.55892,-51.53549,3563.639,
-15.41824,-14.56604,7.272339,22.73983,-87.061,-66.04095,
-4.212952,-2.607727,-8.023071,21.12152,-38.27194,-39.82605,
-0.7675171,-1.626587,-2.783203,23.45009,-12.62848,-24.49768,
30.4451,-8.319092,-16.27502,33.80951,97.60162,60.93842,
-8.889771,-13.04016,-7.611084,22.28748,150.0566,-3491.21,
11.203,34.84955,2.001953,-2.879181,82.26746,63.41453,
7.674408,24.50104,9.527588,0,0,0,
61.80344,58.75092,-18.19458,-29.26395,-58.54874,-39.5508,
-61.80344,-58.75092,18.19458,0,0,0,
76.6777,95.4361,-16.82129,-60.74459,-80.07629,3547.013,
-45.40634,-50.88043,0.2593994,-42.89268,-12.77786,-6.479797,
-8.912659,-6.808472,-18.76221,-55.28032,-4.957581,-3.742065,
-30.76401,-20.76569,-35.46143,-104.6859,7.602234,-5.498352,
-8.913422,-2.267456,50.34485,-64.97342,-6.382751,-8.374329,
12.06436,14.23492,34.41467,-37.8065,-17.86942,-7.417908,
-2.643585,20.68787,10.99548,-54.27665,-25.35294,-7.190552,
-3.591919,114.9475,46.76208,3519.873,-38.62137,-4.355164,
11.48987,-164.5844,-71.73157,0,0,0,
-101.2215,175.9079,189.6423,-147.2427,-7.175446,-19.35822,
57.84531,-152.2095,-127.8809,-48.04199,11.89224,-15.49438,
-10.39352,-239.5676,264.27,-248.9468,86.38168,-83.22601,
33.70667,15.22827,-187.5183,-127.4823,103.5056,-109.0152,
20.06302,200.6409,-138.5132,0,0,0,
17.14478,-319.0842,178.7384,-78.40027,168.8063,-172.8448,
-14.78806,218.3975,-116.5375,-4.1745,23.72833,-23.28979,
-2.004242,-26.42212,-3.7323,-4.40094,28.99139,-28.48694,
-8.995056,78.83759,-27.63367,0.9506226,-14.33105,17.742,
8.642578,48.27118,-30.83496,0,0,0,
0,0,0,0,0,0,
-47.37244,350.3052,-86.00464,13.67737,-113.7959,119.4003,
47.37244,-350.3052,86.00464,0,0,0,
-27.35138,331.6193,-224.2371,50.36621,-84.59564,80.31128,
33.45871,-240.1245,128.537,51.21826,-32.61414,32.52319,
-1.435089,-59.22546,55.70679,24.6283,-11.63315,11.78528,
29.60434,74.89014,-118.9331,115.6778,-40.00381,48.16681,
9.423065,-56.23474,52.67029,101.1389,-21.0582,33.255,
-43.69965,-50.92468,106.2561,0,0,0,
91.99753,8.230591,-174.3622,169.6655,-14.75662,53.13934,
-91.99753,-8.230591,174.3622,0,0,0,
149.3111,-198.6298,-209.2133,-3368.332,9.501038,92.49847,
-131.7055,81.82983,179.4189,94.81591,16.29089,-3572.459,
-16.78772,107.5241,35.03113,9.042368,1.654663,2.442787,
2.189636,-50.67596,24.23706,53.36378,10.569,14.9613,
-4.180145,43.54553,-18.36243,22.35792,3.387146,6.114666,
-8.856201,-23.526,35.15015,59.42665,9.827423,15.8642,
10.02884,39.93225,-46.2616,0,0,0,
-23.703,-42.8833,103.4454,48.81187,12.38525,11.54592,
0.1449585,-3.898621,-16.49475,35.68462,18.82385,15.43732,
23.55804,46.78192,-86.95068,0,0,0,
-22.74704,-48.60992,76.96838,18.90728,33.03055,24.32628,
11.31439,16.1087,-37.45422,8.165131,32.94983,24.49962,
5.277252,10.20355,-11.12061,2.251282,31.80649,23.51118,
4.994965,10.44159,-5.81665,-6.675911,41.18439,29.03839,
0.8842468,8.720398,-16.99829,-1.966972,10.38086,7.284794,
24.85275,23.55804,-34.43298,0.1089478,-27.83646,-24.43949,
-3.295135,-2.963257,4.022217,-0.8844757,-24.09164,-20.82358,
26.54877,3.140259,-28.96729,-22.23042,-51.77704,-43.52375,
-29.03595,-13.19733,32.71179,-9.272499,-18.1778,-14.79857,
12.85706,1.49231,-16.59546,-18.67199,-25.8316,-22.47172,
-31.65131,-8.894348,37.68311,0,0,0,
77.38724,37.43896,-117.63,-64.69486,-54.18213,-50.30571,
-57.23419,-19.40002,69.58923,-28.19597,-12.58667,-14.31817,
-70.12558,162.6556,-81.00586,-114.6524,-26.04401,3569.342,
3.65448,-83.51135,56.06995,-78.91673,-13.61542,-14.55811,
23.39172,-45.99457,84.42078,-32.56976,-2.284393,-2.430115,
-17.79404,28.59344,8.377075,3543.216,-4.516296,-3.898621,
-27.37198,13.81378,32.6416,-95.49683,6.824188,-16.0672,
26.59454,-57.65533,-20.38879,-57.21832,7.872467,-13.71704,
6.189728,-34.24988,-8.987427,-51.62964,17.95044,-26.65497,
35.30807,-1.690674,-23.08655,0,0,0,
0,0,0,0,0,0,
-69.90356,-427.6093,295.6329,-453.4857,370.5981,-396.6003,
72.97363,400.3799,-269.3298,-11.66534,58.05023,-59.83643,
3.710175,-21.9696,15.56702,-14.34235,111.5454,-115.0485,
-16.83655,45.75195,-37.30469,-0.8648682,31.73965,-33.74542,
4.216766,3.747559,-3.924561,0.09002686,12.07703,-13.05206,
-17.68341,20.70923,-8.547974,1.452332,-0.4373169,-1.728821,
4.498291,5.545044,-3.649902,1.80542,-24.05014,23.28979,
-15.38696,51.47247,0.3326416,13.22876,-95.03876,95.68604,
-7.05719,90.75775,4.02832,56.42883,-185.0208,191.4877,
41.46881,-168.7851,7.196045,0,0,0,
-5.538177,226.5594,-68.60046,162.6688,-163.4669,186.2357,
37.72964,-158.017,8.041382,112.6004,-37.94464,58.51563,
0.3059387,-47.56165,4.040527,92.02179,-16.60889,34.95789,
9.681702,-39.68811,15.91797,82.01721,-7.648163,31.48804,
-42.17911,18.70728,40.60059,0,0,0,
104.631,-110.3577,-4.159546,114.451,-1.962433,60.49377,
-59.96933,29.77142,-13.21411,-3530.353,4.036102,24.88129,
30.1712,-112.0743,0.07324219,134.9238,10.40665,-3555.443,
-62.4527,149.8581,60.02808,43.38542,1.757355,9.0649,
-12.38022,42.80243,-42.72766,0,0,0,
2.863312,-53.79791,76.79443,89.60514,-3.272095,9.944779,
-2.863312,53.79791,-76.79443,0,0,0,
-7.893372,-11.22437,43.61877,46.82566,-10.79285,-4.037118,
-4.337311,2.781677,3.616333,44.3996,-18.03574,-12.00849,
5.728149,-44.01398,38.15613,61.85722,-75.41763,3549.985,
-2.297974,24.0036,-48.58093,26.07956,-40.74539,-31.44501,
-2.458954,-17.19208,-6.079102,23.51059,-45.83679,-34.09302,
11.25946,45.64514,-30.7312,0,0,0,
-14.81628,-48.59009,15.42969,18.76236,-34.35287,-24.66248,
14.81628,48.59009,-15.42969,0,0,0,
-22.5502,-33.1665,-10.50415,15.11288,-0.8447266,1.133423,
12.86545,27.95715,-0.769043,4.261818,10.67245,8.899841,
-0.4417419,27.66113,-23.65112,-10.80921,35.802,25.57556,
-13.52386,31.69556,-46.90247,-29.1946,73.07037,47.55737,
19.23599,-17.27142,30.50537,-29.22848,28.93814,16.29028,
3.995514,-23.13232,32.06177,-12.48974,7.80899,3.633118,
-2.140045,33.89893,-54.70581,-50.17296,22.67242,-3590.889,
2.004242,-36.05194,53.46985,-15.07183,4.263306,1.522932,
-12.78839,38.74969,-61.90796,-64.58931,13.14636,2.684389,
2.799988,-28.08685,51.96533,-27.87642,2.840729,-0.2469951,
-15.40298,35.72235,-16.58936,-47.09076,3.652802,-1.479409,
-62.91733,152.6825,-40.71045,-119.9471,2.069092,3591.029,
27.48947,-64.49738,101.8768,-101.49,1.110687,-13.53638,
47.52502,-95.44983,8.340454,3564.968,1.2677,-6.648254,
-21.92764,60.5545,30.09949,-92.22931,4.244995,-22.42432,
27.22931,-81.88934,-39.68811,-35.10864,3.89679,-13.26447,
-8.085632,4.23584,17.58728,-70.4425,7.865143,-25.76355,
13.98392,-50.06104,44.83032,-89.81628,6.502838,-17.65167,
5.419922,-66.13464,31.51855,-147.6645,18.45245,-34.75433,
8.300018,7.795715,-33.75244,-72.48901,21.1734,-26.71082,
25.67368,-132.5928,71.96655,-146.8069,99.72458,-108.4564,
-38.68866,188.3469,-157.1198,-0.4190063,17.31003,-20.37659,
-4.338074,-30.62897,-16.61682,-0.2844238,40.99884,-48.11096,
10.87494,26.70898,54.05579,16.72394,7.27478,-13.6911,
-0.09765625,4.01001,-3.881836,13.83423,4.06311,-9.69696,
9.786224,25.65918,-13.03711,19.42688,-18.33359,15.96588,
-3.941345,-0.4364014,-4.006958,14.42444,-13.21869,11.51489,
24.63531,90.44647,-30.14526,92.29187,-92.24808,94.15649,
-11.79962,-10.71777,-29.15649,87.13013,-56.86478,59.90784,
-2.129364,-20.47119,-14.53552,94.31641,-38.69766,41.18378,
-9.295654,-35.52094,6.500244,87.23694,-21.64963,29.44183,
6.272888,-33.20007,25.89417,63.86078,-10.78278,23.7439,
14.82239,-23.29102,24.69177,50.58411,-0.5911255,25.98267,
5.052948,-16.47339,-23.39478,60.04791,12.71881,24.51569,
-4.437256,-14.74762,-7.30896,54.14337,23.54965,20.42236,
8.488464,-86.7218,-12.56714,-3508.601,46.70609,-3559.455,
-31.96106,67.75513,45.15686,37.2477,22.20093,20.26837,
14.55612,-146.1578,62.70752,101.4811,62.89063,68.08524,
-1.254272,218.8065,-32.70874,36.34293,-5.487518,9.415083,
1.061249,12.57782,8.52356,36.23365,-11.16989,3.924503,
-6.236267,20.12634,16.20483,32.88353,-20.80444,-5.918989,
-13.45749,-17.60406,-16.19568,15.54056,-10.24231,-3.750534,
-7.872009,-14.91699,28.60718,33.26969,-36.65771,-20.61431,
-23.349,-16.3681,18.19153,41.50959,-54.93607,-35.81508,
-5.018616,2.017212,-32.83386,20.98652,-23.37204,-14.41979,
-34.90753,-21.59271,27.07825,37.90882,-46.90765,-32.26183,
45.41931,37.44812,-62.33521,4.71302,23.75214,17.05405,
-27.19727,0.1739502,1.559448,5.72937,69.95148,51.32161,
29.89807,5.136108,-19.97681,-3.414536,27.52121,20.77437,
-3.578949,0.3570557,-2.69165,-4.922638,31.91071,23.91745,
16.26129,0.982666,-12.96997,-10.71918,16.36368,12.67494,
4.90036,0.2227783,-3.668213,-12.24907,10.47867,8.108072,
23.87619,15.51971,-32.12891,-29.27277,-27.77069,-26.09736,
18.91632,9.133911,-35.39124,-46.60381,-45.32883,-40.03735,
-16.5947,5.723572,33.37402,-44.05117,-34.06662,-33.75582,
-13.20114,-8.488464,31.31714,-31.00145,-20.14908,-21.57451,
-2.493286,5.815125,0.7476807,-36.47646,-19.15512,-20.01158,
-3.214264,1.312256,2.078247,-38.68803,-16.83594,3583.094,
-2.071381,-1.339722,-0.491333,-35.80036,-13.09433,-11.76514,
-3.386688,24.74213,-29.13818,-58.07764,-16.2323,-10.30457,
-1.480865,-45.97778,45.85266,-13.52397,-3.551178,-1.863098,
-22.5441,126.001,70.50781,3463.546,-2.789154,-11.97327,
-13.99078,-56.71997,8.370972,-120.5771,6.751404,-15.56885,
-2.581787,-39.26086,-25.81177,-56.05286,22.23969,-26.15387,
23.07892,-29.28467,-0.8605957,-41.64459,11.8924,-12.28424,
-6.483459,-16.82434,52.6825,-95.08453,27.48688,-26.45905,
-10.09674,-55.00031,16.1438,-131.748,57.28607,-61.84479,
28.08609,20.39642,-65.24963,-42.04651,30.86533,-30.99091,
-1.291656,-26.67847,10.97412,-59.5694,59.46609,-60.92255,
16.69693,1.321411,-39.5874,-36.37543,73.39844,-72.01782,
8.500671,-22.75391,-12.70752,-32.25037,113.4557,-110.813,
-18.93845,87.81738,0.2563477,0,0,0,
-1.152802,29.15955,-66.04004,-0.9246826,2.946625,2.212524,
-12.94403,41.64734,51.49231,11.28479,-49.75601,51.91711,
14.09683,-70.80688,14.54773,0,0,0,
-26.60828,131.2943,-33.75244,42.38861,-93.66989,95.60913,
19.23599,-95.85571,21.6095,16.77155,-23.66348,23.68011,
7.372284,-35.43854,12.14294,0,0,0,
12.99667,189.8483,-241.0034,296.134,-145.7274,154.4449,
22.56088,-215.5334,118.2159,122.9337,-32.15866,34.38721,
-35.55756,25.68512,122.7875,0,0,0,
71.32187,-91.47186,-66.90674,92.54211,-24.22104,36.43127,
-71.32187,91.47186,66.90674,0,0,0,
63.92212,-92.46063,-57.33948,-3504.259,-11.85257,18.5318,
-15.42892,4.10614,41.59546,80.96769,-1.615143,13.71918,
-22.37244,26.75323,19.64722,50.14757,0.9437561,8.7323,
8.643341,-45.77637,103.9978,94.59656,8.851929,22.65015,
-17.29736,7.092285,28.39661,66.49328,4.753113,-3585.674,
-25.9613,75.18921,-81.8573,28.57601,-4.00177,1.044902,
-6.866455,0.2822876,10.10132,30.25936,-6.913605,-2.248133,
15.36102,24.81384,-64.54163,0,0,0,
-25.73624,-18.53027,76.40686,29.15371,-12.29706,-8.786515,
2.67334,5.386353,-9.069824,21.5213,-0.6140137,-0.8184644,
23.0629,13.14392,-67.33704,0,0,0,
-44.34891,-37.55341,141.0675,34.60957,94.79309,71.74349,
29.17175,10.94818,-81.21643,4.612312,90.03372,70.89848,
3.325653,5.525208,-60.45532,0.2357101,29.84344,22.43884,
3.610229,7.833862,-10.40955,0.00328064,9.212494,6.199341,
8.241272,13.24615,11.01379,0,0,0,
-8.203888,-4.818726,-41.35437,-0.7387543,-29.76379,-25.17502,
4.659271,2.432251,11.13892,-2.444763,-20.20905,-17.09056,
6.128693,2.748108,-25.76904,-11.16718,-30.21255,-25.84048,
6.459045,17.94434,-54.94995,-43.65978,-32.52884,-28.82118,
-9.043121,-18.30597,110.9344,0,0,0,
1.482391,68.48755,-213.2935,-108.5116,-25.87494,-29.69857,
-18.41049,-27.32697,156.192,-39.85294,-3.725281,-10.73583,
16.9281,-41.16058,57.10144,0,0,0,
-42.71393,105.7053,-75.49133,-65.95592,-4.509277,-19.31113,
11.01074,-36.84845,27.59399,-41.46759,-2.133636,-12.76385,
-8.493805,56.66504,-16.71753,-66.55824,-2.763672,3583.283,
3.395081,-27.02332,56.42395,-70.01262,-1.730499,-18.31573,
0.1670837,51.18866,76.16577,3414.682,7.845001,-49.42047,
23.68622,-143.4692,-23.99292,-86.25427,7.124176,-20.22736,
20.80841,-19.33289,12.28943,-54.48029,9.5224,-9.486694,
9.738159,-35.02808,54.63562,-111.6708,27.05719,-25.9964,
-9.584045,28.75977,-41.89148,-50.75714,21.60187,-17.58423,
-2.770996,2.658081,-1.513672,-48.5968,25.44693,-20.92957,
-5.24292,16.72516,-67.50183,0,0,0,
-2.312469,4.626465,111.8195,-62.84241,43.41904,-33.6911,
10.26917,3.570557,-49.23401,-22.00256,16.37497,-12.40295,
4.066467,-2.854919,-1.101685,-18.71826,16.1174,-14.09912,
-6.214905,-9.25293,-59.75647,4.476318,-2.266235,0.4220581,
26.5625,-20.04852,6.582642,25.23346,-12.25571,0.2105713,
-18.37082,24.76807,-19.90051,23.33008,-15.86899,11.67572,
12.603,-3.704834,-19.41833,50.30731,-29.6257,17.04285,
-10.56671,37.46796,-30.25513,77.052,-39.53323,33.11676,
-9.204865,-19.16962,21.40808,42.87201,-17.72507,13.59467,
10.37521,36.62109,-134.6741,185.853,-53.27179,52.03339,
-1.525879,-70.26825,114.6118,67.10571,-19.62906,24.25903,
18.18542,-51.14441,-31.84509,99.39575,-20.99701,30.17792,
-10.44846,-1.934814,29.36401,-3522.325,-4.919434,12.05261,
-2.518463,-8.712769,20.65125,66.01463,2.156219,9.002686,
-10.29205,33.61969,24.84131,33.06925,2.747803,4.529114,
0.08544922,-7.643127,-1.306152,35.67745,2.918854,4.866943,
-10.6926,54.06036,18.21289,0,0,0,
22.80426,-168.9117,116.864,131.5162,12.37579,22.67883,
-29.83398,134.6481,-57.75452,37.50746,0.09277344,-3594.64,
-16.91208,-34.76563,68.56079,74.31843,4.060516,13.13023,
10.15244,61.0199,-77.63062,19.27658,5.714722,7.765636,
2.868652,1.831055,-12.5,14.88453,4.814453,6.394954,
-2.932739,6.208801,30.62439,16.36803,32.81754,31.09132,
2.371216,2.39563,-5.474854,11.62445,40.43625,37.65375,
9.149933,-0.5523682,-47.03674,0.6215668,15.5545,13.65005,
-2.828217,2.685547,21.41418,0.3113556,37.83142,33.41906,
-3.9505,0.3448486,3.134155,-10.02609,31.5416,26.45545,
-1.467896,-2.215576,-12.91809,-13.85666,13.10364,8.904762,
10.57892,-2.688599,-27.28271,0,0,0,
0,0,0,0,0,0,
19.78455,-42.90924,-58.48389,-49.94347,-79.44214,-80.07393,
-3.53241,22.70508,16.74805,-23.08708,-26.03424,-27.14102,
-11.47232,22.35565,18.86597,-11.00487,-7.437592,-8.785391,
3.876495,1.837158,-21.38062,-20.76359,-12.89429,-15.42788,
-0.5935669,17.0578,-40.04517,-39.5392,-18.91159,-22.48337,
-22.12906,64.92767,-72.27478,-75.47407,-21.77841,-23.69358,
-9.123993,0.9307861,-2.383423,-66.58664,-16.04065,3585.709,
0.2754211,-18.2312,71.6156,-40.08755,-8.930054,-3.439941,
22.91489,-68.67371,87.33826,0,0,0,
0,0,0,0,0,0,
-40.73105,152.092,-48.37646,-94.98058,-16.76559,-8.195801,
12.51678,-70.17059,55.22156,3545.13,-3.230743,-9.700317,
-9.702301,-0.479126,7.867432,-68.62305,-1.466827,-14.84467,
-38.48724,4.141235,53.26233,-116.7844,25.233,-54.16168,
3.298187,-104.6387,76.95007,-197.6233,43.46237,-71.32965,
70.42847,-9.735107,-94.13757,-62.81555,22.62314,-22.16339,
1.482391,-16.14838,-1.44043,-73.45734,35.52353,-36.72699,
17.84592,17.61017,-21.17004,-33.31512,23.27087,-18.40942,
1.615906,2.62146,-4.104614,-24.07471,21.83609,-17.80762,
-18.26706,24.70703,-24.07227,0,0,0,
0,0,0,0,0,0,
48.60229,-0.7904053,24.91455,37.22382,-8.065186,13.43658,
-14.0564,28.93219,-50.59814,96.14532,-36.42227,31.36261,
-8.786774,7.528687,-35.45837,104.0253,-32.10251,31.16486,
-12.76016,-19.7876,12.89673,61.43707,-15.41061,15.97168,
-12.99896,-15.88287,48.24524,0,0,0,
26.52206,28.07465,-95.20569,111.4874,-21.33209,36.16089,
1.583099,-26.62964,73.16895,49.06616,-8.910065,27.05658,
-2.540588,-7.702637,13.33313,42.17163,-4.852142,24.4223,
12.93488,-25.46082,-10.3302,71.38275,-3.386841,34.25171,
-38.49945,31.71844,19.03381,0,0,0,
103.1494,-270.2332,-21.78955,-3363.175,14.83246,-3521.021,
-76.3298,191.7938,98.0896,42.90121,4.386749,15.45442,
-8.210754,9.934998,-13.06763,42.53458,4.256897,13.53373,
-10.17227,31.28967,-25.96436,28.2243,2.601166,7.936668,
-8.436584,37.21466,-37.26807,0,0,0,
-2.329254,-70.8252,95.07751,43.38739,16.54846,18.11262,
-1.396942,37.55493,-49.23706,17.60559,10.9082,10.36983,
-33.68988,-16.71448,65.11841,15.55939,81.74316,64.2666,
4.550934,2.816772,-15.99731,7.079544,78.78296,64.89497,
32.86514,47.16797,-94.96155,0,0,0,
-45.96405,0.05645752,34.87854,7.098274,30.02502,22.70056,
45.96405,-0.05645752,-34.87854,0,0,0,
-17.86957,10.65063,-0.06103516,5.48893,-9.295502,-7.537136,
7.327271,-0.4470825,-12.82959,5.065117,-21.68076,-17.85513,
6.63147,-2.16217,-5.560303,3.249397,-25.71213,-21.14992,
26.76468,1.339722,-68.10608,-21.2994,-54.71725,-47.75755,
3.633118,-1.870728,-4.876709,-25.97279,-43.27209,-36.29614,
-12.30698,9.262085,39.44397,-23.90141,-13.77945,-14.08801,
3.759766,7.366943,-23.27881,-34.99155,-15.69382,-16.82429,
-17.93976,-24.1394,75.26855,0,0,0,
0,0,0,0,0,0,
7.978821,98.15674,-117.7094,-77.15969,-25.97733,-32.03341,
-26.43433,8.259583,13.84277,-50.20039,-19.85474,-23.3862,
-17.23251,104.2419,41.61682,-120.2755,-30.45563,3562.866,
11.90491,-112.0636,59.22546,3528.042,-14.08447,-17.64618,
-3.03421,-12.66174,6.829834,-90.01831,-10.32944,-21.7691,
15.99579,-50.15717,15.65552,-56.19934,6.017151,-17.24792,
6.018829,-23.95935,11.87134,-40.6424,8.321381,-12.29736,
5.337524,-12.56714,24.89624,-50.88989,8.25882,-8.109131,
-1.77536,-7.518005,8.828735,-56.80237,8.879242,-7.224121,
-9.472656,-1.573181,11.50818,-65.83221,12.11044,-9.259033,
7.669067,5.122375,-57.30591,-17.6532,3.590698,-3.15155,
-70.10956,-8.685303,97.44568,-105.9012,27.75879,-33.28217,
33.82568,-2.919006,-76.68152,-42.02911,17.30545,-24.28009,
14.92996,-17.23328,-27.10571,-14.89929,16.38138,-27.65991,
17.73224,24.09515,-9.490967,-4.037476,4.90097,-7.973938,
-6.233978,-40.12604,-9.402466,2.138367,12.84027,-25.80383,
10.73227,22.23053,-7.894897,12.6059,0.6010437,-7.616577,
4.200745,26.83105,7.006836,7.665405,-3.808136,3.67157,
12.59155,19.5694,-47.43958,63.04382,-31.07422,31.75201,
6.333923,55.01709,-17.59338,91.70471,-37.64328,47.7243,
24.02725,-3.52478,-110.2905,177.1509,-38.67874,58.37494,
-2.670288,-75.02289,138.1012,61.00006,-11.88965,29.44794,
-7.376862,-18.31512,-1.721191,56.35895,-6.570892,22.60681,
-1.177216,-18.96515,14.8468,50.06226,5.253296,10.52704,
-0.5249023,-15.84015,-3.652954,-3546.232,6.358337,10.98419,
0.1930237,-13.97247,18.99719,51.74992,13.52539,10.61981,
-0.9986877,-13.5498,3.939819,53.68463,16.2999,-3587.995,
11.66,-29.42047,82.58362,81.31898,24.78531,22.52691,
1.280975,-22.25037,51.77307,82.62962,28.09082,27.16279,
-30.50766,77.84424,-67.05322,37.21422,11.53152,11.31816,
-19.14063,23.20251,39.36768,55.57114,4.556122,4.059563,
-0.6134033,19.14673,-36.74316,29.91241,-3.327942,-4.325528,
-1.21994,3.231812,-3.421021,26.48724,-6.276398,-7.733326,
1.010132,-4.394531,1.049805,25.81631,-8.547058,-9.65867,
3.579712,-8.859253,2.79541,24.64779,-12.97821,-12.82065,
-7.915497,-15.94238,27.44141,31.66245,-5.332947,-5.785689,
-4.286957,1.527405,-13.28125,23.35316,11.6185,11.31912,
1.129913,20.88318,-36.026,12.02564,10.91263,10.08044,
-15.78293,33.80737,-40.31982,-2.572021,22.08786,17.96219,
10.56976,0.8728027,-6.100464,-6.484413,15.14542,12.13479,
3.481293,9.848022,-13.09814,-15.33245,14.19922,10.76152,
1.622009,2.926636,-8.612061,-21.43913,14.17557,10.72123,
13.45139,-9.107971,-5.697632,-25.46612,7.715912,6.861639,
-1.404572,-2.432251,4.595947,-22.38113,6.128235,4.92856,
18.22891,19.86084,-72.01233,-82.27657,-18.46466,-16.30343,
-8.48999,-11.34644,11.48376,-70.881,-11.99493,-11.47843,
-20.63446,37.88452,41.33606,-53.50977,-16.92825,-21.43869,
-2.424622,-7.50885,10.26001,-44.01884,-13.57254,-17.96678,
-18.86444,47.97363,2.026367,-49.50003,-14.29352,-22.17343,
2.276611,-20.61615,1.422119,-43.13212,-11.16241,-17.94392,
-10.77194,38.96179,-3.796387,-64.4058,-13.44681,3578.028,
3.708649,-7.801819,51.1322,3522.299,-13.99277,-23.44666,
15.72571,11.15723,4.620361,-97.8421,-4.668427,-29.13116,
-0.04730225,-56.78864,-16.07361,-81.95465,-0.5607605,-26.8219,
23.34595,-64.33868,60.51331,-86.03424,8.157806,-10.52185,
3.056335,-18.21289,-18.35022,-57.70966,9.311829,-8.110657,
-1.63269,-3.915405,16.32385,-55.67566,12.81342,-11.14075,
-1.835632,2.632141,-4.421997,-41.94031,12.65457,-11.51947,
-2.098846,-5.004883,10.43701,-46.45996,17.97485,-17.76276,
-2.960205,1.296997,1.565552,-39.86572,21.36887,-22.09656,
-9.05304,0.6469727,-22.05505,-24.51447,19.74731,-24.7522,
-8.731079,-2.883911,-5.276489,-18.93524,23.29681,-31.86005,
3.056335,5.278015,-16.71143,-8.29895,15.42908,-23.91083,
1.734924,10.06927,-32.05261,12.81128,-5.674438,-5.050049,
-1.290894,2.877808,-8.24585,17.88757,-9.873505,-1.83136,
7.539368,10.49805,-8.486938,20.77606,-13.68851,7.079468,
-15.36942,13.03101,-48.17505,57.79083,-34.30481,17.54517,
15.42587,21.81244,11.20911,66.88751,-32.24899,27.1936,
15.03296,4.124451,-36.5509,101.5997,-34.35257,35.75958,
-4.271698,-45.44067,102.301,0,0,0,
0,0,0,0,0,0,
153.933,-79.62952,-264.5538,299.0872,-40.03296,131.0263,
-108.2451,8.004761,225.7355,-3539.346,7.433777,21.61682,
5.276489,-18.8858,20.36438,61.65722,15.1828,21.90155,
-32.14493,51.79443,12.82043,23.35155,6.587524,-3591.342,
21.10214,-44.69604,11.97815,49.03361,16.50833,20.81384,
16.29791,-24.23096,84.2865,53.87074,23.40805,28.47795,
-38.73215,40.7486,30.17273,50.53717,19.88037,22.70122,
-6.816864,8.493042,-31.31714,38.22639,17.07123,19.23182,
-7.616425,-15.51971,17.55066,44.67602,26.01471,26.46907,
-15.13901,36.85455,-39.55383,24.67072,21.59439,18.51129,
6.507111,10.37292,-27.08435,13.79177,17.28973,15.01575,
2.144623,-16.56494,13.86108,15.82672,31.16928,27.39799,
7.633972,-1.382446,-9.387207,9.300613,35.54764,31.20144,
2.687073,15.00702,-20.34912,2.316322,25.01862,21.84776,
-3.704834,5.264282,-5.615234,3.193817,13.14911,11.81921,
-12.53738,9.925842,-11.31897,8.645325,-20.54184,-17.38949,
-7.97348,11.59363,-9.033203,5.606842,-40.24734,-34.41135,
8.661652,22.40143,-12.39624,-5.823135,-21.17508,-17.83155,
-2.642059,12.43286,-10.06775,-12.14027,-32.92435,-27.23208,
11.30829,-31.98395,23.90747,0,0,0,
-0.2593994,56.10657,-51.34277,-36.70433,-44.40338,-35.94404,
7.204437,-23.90137,20.4834,-25.2718,-22.57782,-18.76287,
-6.945038,-32.2052,30.85938,0,0,0,
30.16739,196.1731,-132.5867,-136.0197,-69.35486,-65.51375,
-31.55518,-74.75281,42.67273,-89.46354,-27.21893,-28.60113,
-45.43762,28.25165,-17.70325,-99.86861,-18.01346,3579.734,
36.71646,-123.7228,105.0903,-19.84176,-2.721252,-3.300171,
-14.92538,28.37372,-4.629517,3556.937,-4.96109,-7.37793,
-55.8876,74.37744,-22.62268,-81.79871,1.389618,-21.14502,
80.92194,-128.7003,29.77905,0,0,0,
-44.93484,61.18927,-11.07788,-55.32043,11.4119,-12.89368,
9.913635,-34.6817,28.51868,-86.65741,21.09543,-14.17236,
35.02121,-26.50757,-17.4408,0,0,0,
-43.97278,-82.29675,115.4541,-202.5131,51.41998,-41.08276,
40.18631,56.53534,-103.6926,-34.66217,16.06018,-12.35474,
6.666565,8.285522,-13.52539,-16.91254,11.50345,-9.439392,
-0.3044128,13.02338,-1.327515,-2.741089,3.0896,-2.485352,
6.049347,-10.68573,-7.495117,-9.099731,10.63522,-8.687439,
16.98227,1.799011,-17.98401,13.15033,5.076752,-5.575562,
-4.275513,3.988647,4.147339,13.69415,2.069855,-3.28125,
18.04733,42.53693,-70.26062,88.65082,-21.38245,16.05713,
-5.462646,-17.8299,-16.35132,93.28033,-18.36411,5.332947,
-33.43353,17.68799,71.71631,73.3374,-12.71317,11.92535,
-0.4829407,-33.04443,39.31885,0,0,0,
0,0,0,0,0,0,
21.75827,-3.546143,29.44031,86.09619,-12.91687,30.38422,
4.644775,-31.61316,-20.21484,43.86688,-0.7377625,19.65973,
13.49564,-41.6275,-7.870483,56.75537,2.919312,26.87958,
40.1207,-40.13824,0.3997803,-3513.802,10.4631,40.18402,
49.58572,-145.1599,64.89868,127.6478,21.26953,-3544.229,
-103.8193,211.0199,-38.1134,34.93908,6.462708,16.49562,
2.965546,-13.32855,4.006958,40.60297,8.559418,19.67861,
-28.75137,64.39362,-32.547,0,0,0,
2.568817,-48.00262,77.86865,59.38164,4.594879,14.95666,
-2.568817,48.00262,-77.86865,0,0,0,
-28.8002,-17.26074,81.96411,47.66953,0.3622437,3.352184,
-41.28494,21.36078,41.17126,49.92321,26.44409,23.09068,
17.72003,7.487488,-42.30957,27.24991,29.87366,26.60513,
8.518982,3.02124,-17.77344,14.46392,53.30902,46.56769,
19.45572,-2.267456,-31.3385,-3.990097,59.84451,51.47495,
24.39041,-12.34131,-31.71387,0,0,0,
-23.27957,16.96167,15.20081,0.3675842,19.34082,16.65241,
-3.655243,-0.831604,-2.767944,3.789749,0.2444458,0.2794838,
21.05637,-41.97845,1.782227,2.643585,-30.28427,-24.62551,
1.678467,2.372742,-3.594971,0.7114029,-28.85132,-23.58528,
4.199982,23.47565,-10.62012,0,0,0,
53.48663,42.73224,-100.8698,-89.48376,-135.9729,-119.0189,
-45.02792,-8.547974,60.05859,-34.43981,-12.77527,-13.30102,
-3.71933,9.05304,-6.048584,-41.10359,-12.75528,-13.80771,
-5.529785,-32.80029,37.69836,-8.50153,-2.176056,-2.624722,
-4.347992,42.03796,-39.4043,-45.00963,-10.80368,-13.05037,
-6.365967,20.93048,15.93933,-50.60446,-9.636078,-13.64265,
-1.933289,-5.545044,8.041382,-46.85835,-7.68692,-11.86093,
-37.74033,130.1682,-20.59326,-108.9848,-11.61743,-30.63184,
-16.14685,-37.20093,15.89661,3466.92,-9.091034,3561.995,
67.32483,-160.8276,29.28162,0,0,0,
-53.22876,101.4526,-15.40527,-95.75226,10.40878,-34.2627,
53.22876,-101.4526,15.40527,0,0,0,
-7.362366,35.04944,18.69507,-71.43768,10.86975,-8.678284,
2.376556,-32.72552,13.99841,-88.34259,14.58282,-10.72479,
5.844879,-15.78369,-18.28003,-50.85022,12.82379,-7.740784,
-0.7797241,-22.2229,-3.277588,-61.32324,24.63684,-19.41376,
-2.313232,-30.18799,-7.403564,-65.43671,45.09903,-40.38452,
-9.531403,30.63202,-14.4165,-27.8714,28.92456,-30.07446,
-5.417633,32.57141,-6.109619,-0.296936,7.721405,-11.43799,
-5.178833,16.33911,2.163696,12.85736,-5.402832,-0.569458,
22.36176,-13.67188,14.63013,0,0,0,
0,0,0,0,0,0,
-49.52087,40.55176,-35.4248,52.4176,-31.53046,11.68915,
20.11337,-17.52014,-4.431152,58.9151,-29.7879,10.78156,
11.69891,-14.21967,-50.36621,115.6329,-39.53018,14.99725,
2.831268,-26.01166,-0.5096436,98.97919,-28.93173,2.026978,
35.52551,20.80536,102.6123,48.00018,-10.77103,17.26532,
-20.64819,-3.605652,-11.88049,0,0,0,
22.69897,1.765442,7.952881,50.34973,-6.958313,20.92865,
2.033997,-3.768921,-3.494263,49.15588,-2.126007,24.31885,
9.555817,-30.61371,-20.89233,-3511.487,4.527435,34.54895,
-34.28879,32.61719,16.43372,0,0,0,
74.80698,-192.9855,3.894043,168.4238,21.09573,60.73029,
-74.80698,192.9855,-3.894043,0,0,0,
101.8326,-318.8385,197.8058,156.0906,22.90344,-3548.067,
-90.12222,290.1367,-171.9177,13.56884,1.396332,3.318357,
6.497192,-15.93781,19.34204,23.27015,1.785278,4.507976,
2.73056,-4.139709,36.71265,39.42852,-0.2697754,1.579247,
-12.46262,23.00415,-30.87158,23.26771,-0.4664612,-0.2679539,
-5.188751,-2.583313,25.58289,32.50622,-1.043549,-2.540283,
-3.286743,28.35846,-76.65405,0,0,0,
1.979065,-44.45038,150.4913,51.00006,78.68576,72.69114,
15.60669,15.94696,-95.70618,9.60598,100.7686,93.50053,
-5.24292,16.0675,-49.75891,-6.87767,51.81732,47.24903,
3.806305,-3.219604,-2.218628,-12.91954,59.45435,54.37752,
-15.21225,17.84363,-11.74011,-3.3321,0.2987671,0.2341843,
0.7644653,1.898193,-8.859253,-6.630058,0.5041504,0.3213501,
-4.399872,-19.16809,-19.11316,-2.207489,-21.49933,-19.19983,
0.2593994,4.455566,0.390625,-5.865135,-26.65817,-24.54453,
1.286316,-1.467896,-76.89819,-40.59998,-97.8952,-90.38259,
7.535553,8.859253,52.28271,-28.07423,-42.78183,-37.46172,
4.805756,9.887695,19.58008,-28.74023,-18.37509,-15.96577,
4.154205,15.65704,-22.84851,-47.20551,-26.23749,-21.79816,
-10.47516,6.32019,29.55627,-28.61889,-14.46869,-11.25725,
0.1319885,-0.1174927,-1.605225,-30.12074,-13.93982,-10.21146,
-9.094238,38.78632,16.38794,-41.2142,-20.61386,-16.6199,
-6.694794,44.54956,-1.119995,-66.1181,-27.58972,-23.27595,
-27.771,95.98999,25.61646,-106.8639,-27.5499,-38.95136,
-13.82217,-57.19452,-14.97192,3494.247,-20.94879,3566.938,
-10.71777,-62.43744,17.89551,-90.81207,2.380676,-45.14099,
21.05408,-53.54309,-1.000977,-52.78473,9.712372,-35.29449,
8.745575,-13.62457,5.755615,-40.88287,13.15598,-26.4743,
-9.76944,-21.37299,63.55591,-99.60999,26.82968,-41.14594,
13.40256,0.7659912,-25.02136,-62.79663,24.97589,-27.1936,
-2.49939,-4.631042,-6.005859,-59.76929,29.79843,-32.35016,
11.33499,3.752136,-7.797241,-37.41272,18.98727,-12.01416,
4.7966,-2.238464,-13.05237,-25.51788,14.15985,-9.993896,
5.971527,-7.244873,-25.90942,-11.04156,3.443451,-0.4476929,
10.47134,5.6427,-6.622314,2.514648,-3.217468,3.676453,
-0.4074097,4.28772,8.737183,0,0,0,
18.7561,-15.78369,-49.16992,58.73505,-41.55655,42.83142,
-10.82458,24.67651,32.5531,28.66882,-13.71719,14.41071,
3.671265,9.260559,-13.35144,45.3067,-17.39319,19.14825,
31.0112,26.24664,-89.34021,151.9647,-37.81601,42.72705,
10.37445,-51.5274,44.74487,112.0682,-20.82031,34.00787,
-6.513977,-27.09656,27.91748,76.09161,-8.573456,23.91907,
-4.854584,-5.836487,28.39661,-3547.362,3.201599,15.08301,
-26.3504,20.56427,11.30371,19.62781,1.512451,5.510864,
39.36234,-96.89941,-14.24255,92.43885,17.0343,21.07208,
-20.89157,31.10809,61.3739,50.58471,11.37207,13.67157,
-2.028656,-5.813599,22.81189,46.44409,12.53189,-3583.353,
-12.09106,-1.353455,3.088379,52.34896,9.412842,16.20424,
-25.26093,48.0545,-15.8844,41.34529,-0.3256226,7.262223,
-8.001709,-22.56165,16.19568,56.95744,0.1869202,8.769805,
-14.63699,24.02344,5.215454,50.40382,-11.86005,-6.576684,
6.995392,31.81763,-30.45654,23.87577,-12.87689,-11.45173,
8.180237,4.022217,-9.713745,16.38325,-8.403168,-7.264904,
-8.747864,-4.930115,28.76587,29.72408,-14.09637,-12.11265,
21.49963,7.504272,-41.54663,9.126396,14.06555,13.08867,
0.5775452,-3.312683,14.45618,15.66467,26.58798,25.19935,
11.29913,10.06775,-14.99023,6.019859,111.9621,100.7753,
8.21228,-0.3387451,-8.770752,-14.73629,133.0846,120.3781,
-10.20584,-5.587769,-5.740356,-13.30269,54.0744,49.15855,
-15.78522,-17.23022,-2.615356,-6.510239,-12.36893,-10.36276,
7.782745,16.31775,-8.230591,-22.05414,-27.06589,-23.1835,
9.51767,16.29944,-5.130005,-39.4878,-37.49664,-31.3212,
-4.573822,-12.48322,-7.369995,-16.72314,-28.94226,-25.24048,
3.288269,-9.909058,-28.1311,-13.82969,-50.1358,-44.65553,
12.84561,23.04535,-18.27087,-36.64524,-45.96786,-45.11276,
9.656525,18.00537,-19.04297,-57.13131,-37.03873,-40.44905,
-9.184265,43.21747,-22.40601,-87.69436,-36.54114,-43.95863,
-42.47818,15.03906,70.45593,-56.6777,-11.64047,-21.80053,
9.366608,-51.21765,18.65845,-26.05457,-4.743195,-9.441386,
10.03265,-37.38861,18.46619,0,0,0,
-120.0554,253.0487,-110.0708,-134.1469,-18.0719,3563.722,
66.6008,-165.8417,100.8087,3561.86,-2.995453,-10.3653,
-9.105682,7.250977,-5.648804,-44.02802,-4.034882,-12.70355,
40.62958,-48.48633,18.64319,-27.81677,4.365082,-2.883911,
-39.03275,65.96527,3.546143,-83.6203,14.80133,-11.39099,
32.98569,-75.35095,102.2949,-144.0665,14.90738,-15.78918,
34.55353,-52.80457,-55.93872,-50.79041,11.2352,-9.888916,
5.400085,-12.33368,23.09265,-60.01526,19.00299,-17.6886,
5.741119,-4.58374,9.005737,-48.88611,24.31824,-22.75848,
-17.71698,33.13599,-85.73303,0,0,0,
13.0928,-38.72528,89.07471,-52.17255,48.12851,-46.45844,
-33.80661,44.0918,-68.74695,5.176392,10.40405,-19.62341,
-17.27295,10.08911,-1.382446,18.48724,5.185394,-21.57715,
30.85632,-13.22327,-18.44788,5.655823,-0.7685852,-2.835999,
-10.87494,-2.853394,-25.5127,32.22076,-15.39307,1.040649,
-1.361084,-2.601624,-14.29443,38.02338,-17.83813,0.9719849,
10.01129,-7.328796,-112.6801,81.31989,-34.47952,16.09833,
12.8067,4.273987,97.68677,36.79108,-13.52844,8.711243,
17.65366,-4.344177,-30.59082,75.67078,-22.67395,21.50604,
-21.10519,10.62164,84.8938,0,0,0,
117.3538,-87.95013,-121.6705,191.7068,-43.50693,78.30383,
-75.64926,19.4046,67.5415,-3516.846,-5.430908,26.78894,
-41.70456,68.54553,54.12903,0,0,0,
15.48309,-64.59198,-74.73145,95.55318,7.513733,18.94684,
-3.949738,19.27032,59.55505,48.25509,9.241943,12.02057,
-0.9048462,-11.60889,-0.2746582,52.15736,11.19141,14.04144,
7.525635,-9.178162,61.07178,49.17414,10.6601,15.69672,
-1.841736,-1.390076,15.51208,44.25962,9.514465,-3585.736,
-9.502411,-33.51135,105.5725,72.81528,-0.3330994,10.5372,
-6.809998,101.0101,-166.7053,0,0,0,
0,0,0,0,0,0,
-14.22729,-134.8511,221.0907,99.63409,-3.272552,5.678947,
4.096222,105.8655,-151.0071,29.90883,8.684692,7.904587,
5.218506,1.78833,12.43286,32.37831,35.84198,32.28693,
6.47049,23.3963,-53.16467,7.362671,47.54028,42.72961,
1.140594,-0.8544922,2.130127,5.553551,54.22699,49.49166,
-2.698517,4.655457,-31.48193,0,0,0,
-9.611511,20.9671,14.73083,-8.448105,84.35013,78.93219,
0.1472473,-2.163696,-13.11951,-11.62884,51.4888,48.36958,
-7.069397,-17.85736,-23.00415,0.6893921,-41.60095,-35.68708,
16.53366,-0.9460449,21.39282,0,0,0,
-18.37769,0.01831055,-103.3142,-26.34121,-120.7317,-104.4895,
21.08688,2.560425,72.19849,-12.41394,-19.09592,-16.26991,
12.86087,10.70251,-50.83923,-37.01511,-29.39636,-24.89114,
-11.82404,-10.2478,63.1012,-8.591118,-6.081696,-4.954748,
8.263397,165.8417,-194.0063,-128.4511,-61.02768,-66.08447,
-12.00943,-168.8751,212.8601,0,0,0,
-16.83044,152.0874,-114.4043,-80.77942,-26.38947,-32.19228,
-5.638885,-46.11664,51.47095,-49.25655,-13.53989,3581.444,
-14.80942,52.67487,19.66553,-92.59285,-12.26013,-21.42609,
37.27875,-158.6456,43.26782,0,0,0,
-47.28775,160.6094,13.54065,3464.625,-3.867035,-26.72607,
32.51877,-113.4979,-6.356812,-52.68677,4.749908,-8.946533,
14.18762,27.80304,48.25134,-85.10895,20.60516,-2.068176,
-1.737213,-61.56311,-43.3136,-21.90887,5.155792,-1.992798,
0.3662109,2.015686,70.94421,-82.15332,9.417877,-1.978149,
-4.669952,0.5966187,3.695679,-74.2099,12.42096,3.361816,
0.9857178,-13.43994,-39.88037,-31.86737,7.874451,-0.8779907,
-3.179932,-3.393555,16.1499,-35.36713,12.06299,-3.589172,
-2.539063,-11.22589,-13.60168,-24.31488,15.28381,-11.80267,
11.35559,12.09564,-49.42932,0,0,0,
-26.07956,-46.00525,36.44714,-7.485962,33.70117,-50.64911,
26.07956,46.00525,-36.44714,0,0,0,
-18.05191,-31.91986,-23.06519,23.93158,10.89859,-39.09943,
12.49847,46.39587,-12.59766,38.95203,-14.91486,0.8334351,
2.445221,-8.587646,14.78577,21.85394,-8.03009,0.4464722,
2.46582,11.16486,-48.02551,73.12744,-23.93219,16.62415,
4.568481,-18.93616,-16.04309,80.27161,-21.15265,15.30579,
14.7316,-24.03717,25.83313,62.48901,-18.16391,18.94684,
-18.65768,25.9201,59.11255,0,0,0,
75.19455,-101.8204,-62.46338,113.6826,-27.68127,42.90375,
-75.19455,101.8204,62.46338,0,0,0,
114.4783,-252.6413,-95.4834,-3413.898,-21.17065,43.40179,
-82.79648,130.3558,111.1603,92.27734,14.21066,19.56238,
-23.32382,79.87518,41.89453,30.66105,10.61584,9.984131,
0.1304626,-15.19775,8.43811,35.81738,13.52539,13.0011,
-4.50058,-8.460999,17.0929,52.31964,19.33167,-3579.723,
-3.170776,18.36548,-28.32031,34.52869,6.826019,9.25107,
-7.720184,-42.59644,41.97388,60.30193,-28.13416,-18.12509,
6.903076,90.29999,-96.75598,0,0,0,
-14.03198,-95.22247,102.3499,61.44642,-33.61237,3573.688,
1.644135,52.39105,-41.27502,32.3061,-6.029053,-3.342285,
8.110046,43.62488,-32.01904,14.20959,74.08585,-3534.516,
2.259064,1.608276,-5.688477,7.048149,76.88431,69.17648,
4.86908,23.27881,-19.42444,-12.64343,98.00598,85.25788,
-0.6408691,-2.84729,-3.567505,-19.21085,83.35709,71.30005,
-10.43015,-9.057617,-21.00525,-17.00283,-34.06281,-34.72733,
5.796814,-11.26709,14.27612,-4.437218,-15.47729,-14.72885,
9.164429,1.800537,-55.79834,-43.82404,-88.64029,-81.93599,
9.049225,-9.197998,27.33765,-21.88084,-21.9191,-19.20023,
-8.666992,2.609253,19.58313,-9.727364,-8.871307,-7.62969,
19.2543,8.529663,-61.65771,-46.69159,-26.20758,-22.39382,
-12.20703,13.32703,13.24768,-39.70081,-20.31784,-17.87224,
-8.477783,11.74927,4.666138,-37.63306,-18.45016,-16.6917,
-23.85941,95.55969,-31.48499,-68.28638,-31.29028,-34.21854,
-23.7709,37.2879,-31.83594,-93.31647,-35.58746,3559.068,
1.895905,-60.52704,74.68872,-85.20175,-25.33478,-31.98334,
-8.489227,-33.5556,69.50378,-75.36787,-12.06772,-32.1637,
15.9996,-37.32758,-11.50208,3553.156,-5.501251,-19.59595,
-23.49701,-2.876282,-3.192139,-69.55109,2.497711,-31.78406,
25.25177,-22.99957,-8.493042,-37.19604,3.053131,-18.2486,
-5.255127,2.027893,30.86853,-62.34558,13.62518,-19.99054,
26.11618,-10.70862,27.54822,-59.89441,13.01697,-6.752014,
32.07245,32.22504,15.60059,-60.99518,21.67206,16.13098,
-6.147766,-17.45453,-17.59644,-50.82336,16.33163,8.75885,
17.96875,17.03033,-12.77161,-29.50745,16.34506,8.996887,
-4.992676,-2.912903,-19.24133,-10.07019,10.60242,5.072021,
-23.05756,-21.15021,-14.36157,0.5911255,4.115295,-3.723755,
10.26993,9.901428,15.3595,2.275696,11.3266,-10.79529,
-22.04132,-18.62335,-18.87512,4.988708,0.7780457,-6.414795,
-12.77618,-7.473755,11.72485,15.52277,2.121735,-20.74371,
-18.45245,4.10614,-26.35193,61.40381,-19.7937,-10.90363,
-2.287292,-9.53064,-9.637451,60.88318,-22.95624,-12.95654,
39.21738,27.27203,-17.47131,50.39612,-16.76712,9.185181,
7.516479,-0.7171631,3.488159,37.3114,-10.354,10.25757,
27.45743,6.217957,-4.025269,61.14136,-18.75137,29.9173,
1.393127,-5.59082,2.938843,44.86145,-9.668274,25.65765,
1.863098,-8.537292,5.343628,41.94916,-5.864258,21.7804,
27.38419,-17.48352,4.400635,-3537.616,-2.929993,29.77966,
-4.264069,-58.02612,1.928711,81.983,7.922668,22.11975,
-25.07477,1.292419,9.860229,55.31879,7.55127,11.41632,
2.93808,-23.95325,-2.84729,63.85288,9.250793,12.99042,
9.145355,-85.56366,123.9349,89.31665,15.46371,21.55304,
-36.57074,82.27234,-28.6438,42.16223,5.75943,-3589.99,
-25.28839,39.98718,-26.35498,35.42927,-2.058411,3.613725,
-8.296204,-0.9506226,2.825928,37.73071,-6.12854,-0.779126,
-14.15863,31.8634,-8.203125,29.31396,-18.48648,3585.09,
-0.4302979,0.2410889,-5.368042,26.81042,-18.64471,-16.28632,
-44.99359,-18.27393,47.88513,42.14211,-96.53946,-85.5127,
2.409363,-4.66156,-18.68591,27.52602,-95.71808,-90.13763,
65.50674,12.71667,-48.50159,10.08957,-19.6701,-16.57043,
4.064941,10.83069,-7.516479,6.828918,-14.45694,-12.38647,
4.080963,-5.519104,-2.111816,11.60095,1.086273,2.445984,
3.988647,-23.49854,3.536987,23.24123,25.02502,26.56647,
3.733826,45.99152,-20.10193,6.989861,23.30307,22.12555,
4.486084,-10.85205,-6.817627,13.83934,62.98828,59.88098,
27.005,58.255,-44.28711,-24.04541,91.86905,82.03125,
-0.4852295,11.07025,-14.65454,-39.13719,85.18875,-3530.36,
-4.502869,-18.66302,13.93433,-33.4251,24.02481,18.22532,
2.580261,-1.942444,-6.103516,-36.84761,9.549561,6.050839,
-21.44165,-18.73016,39.0686,-12.96997,3.17337,1.638365,
-9.90448,-9.371948,21.57288,0,0,0,
64.36005,44.67468,-162.6953,-102.1115,-7.987213,-15.09407,
-53.79486,-20.35217,119.339,-31.86657,-5.982971,-7.705395,
-20.28732,94.35883,-32.55005,-68.37442,-12.8363,-17.52337,
-27.06757,58.70972,-15.25269,-88.59341,-15.74326,3576.898,
-19.10477,13.96332,38.87634,-123.1529,-17.13837,-31.17676,
32.97043,-136.4822,51.96533,-30.52501,-2.583923,-8.412781,
-12.54044,21.02966,-4.821777,3553.226,-3.877869,-13.78387,
10.95047,-25.56305,6.750488,-36.36322,-0.900116,-7.961426,
-23.92654,33.06427,1.495361,-72.03979,1.389771,-12.96906,
43.65082,-62.21161,-1.443481,-26.1615,3.726196,1.313477,
-2.786255,-10.0647,0.378418,-21.83289,3.097687,0.5575562,
24.7406,-21.02966,141.7694,-99.02283,19.67285,10.65613,
-4.376984,-8.004761,-65.48157,-46.40045,11.89438,3.814087,
-0.4669189,23.3017,-43.52112,-8.597107,5.010529,0.7666016,
-7.118225,-3.231812,-20.14465,-3.656006,2.110596,0.2810669,
6.06308,13.27972,8.776855,-0.03509521,1.113129,-1.735535,
-6.591034,-5.229187,-16.73584,2.732849,-0.7312012,-1.522217,
2.527618,19.81964,-3.756714,17.5235,-6.439972,-8.893127,
-7.202148,-30.03235,-2.947998,0,0,0,
2.539825,24.35455,-33.27332,58.83545,-13.95157,-24.11957,
-5.15976,-29.41132,0.6958008,47.68036,-9.311523,-20.55817,
2.619934,5.056763,32.57751,0,0,0,
22.89276,-48.09113,-24.9939,113.7051,-20.79697,-21.87073,
7.621002,24.49036,23.40088,46.17859,-2.986298,15.73608,
-12.08572,3.936768,-2.294922,28.75519,-0.3643799,12.18628,
19.34967,-31.57349,-21.875,-3536.768,3.066101,25.50934,
10.30197,-38.64288,-41.82129,89.00772,14.45938,37.29065,
-48.07968,89.88037,67.58423,0,0,0,
47.11609,-179.0573,-43.69812,118.7869,34.15756,-3546.527,
-10.97794,-29.94385,96.03882,101.2844,40.72632,53.37936,
-35.54077,166.4337,1.35498,24.15558,6.317596,7.009621,
-0.5973816,42.56744,-53.69568,0,0,0,
-25.44632,-110.0952,141.9586,70.97202,9.949493,11.21485,
-2.529144,70.89844,-79.41284,33.6248,-0.1963806,-0.318265,
5.220032,20.87555,-22.93701,20.61241,-0.930481,-1.338706,
-3.70636,-3.19519,4.022217,23.1839,-0.8430481,-1.479049,
9.345245,7.56073,1.342773,21.60568,43.84857,41.1133,
-1.309967,-2.958679,7.107544,23.33458,65.89233,63.39177,
9.275055,-1.501465,-10.06165,14.10522,81.74484,78.90623,
29.06265,-7.417297,-24.46594,-11.72436,108.5876,101.0691,
-9.741974,20.26367,-21.92993,-1.350594,6.784821,6.255569,
-10.16922,5.569458,4.376221,0,0,0,
14.3013,-8.700562,-10.92529,1.81427,-11.68518,-11.33484,
-4.55246,-2.185059,-13.68103,10.93159,-89.49753,-84.78268,
20.03326,7.208252,-41.07666,-28.70708,-94.14551,-93.32521,
4.897308,1.132202,-5.743408,-38.80665,-75.83054,-74.22352,
-13.17902,6.256104,27.62756,-27.64931,-30.24277,-29.72798,
-1.928711,9.254456,-0.2990723,-32.18929,-12.56866,-14.09314,
0.8888245,5.999756,-8.502197,-39.70455,-12.5618,-14.55347,
-15.26718,46.67969,-18.85376,-64.93443,-16.50986,-18.32681,
-12.23831,-19.83643,45.19653,-30.76565,-5.72113,-7.044159,
-14.00681,35.672,-2.560425,-43.58009,-6.666107,-9.04244,
21.05179,-81.48041,28.81775,0,0,0,
-161.1183,492.1143,-98.99597,-227.5734,-11.93344,3550.143,
114.3059,-383.5541,101.6296,3531.874,-0.9498596,-19.05792,
9.655762,-21.92841,-25.68359,-55.22278,4.379883,-18.37097,
8.38089,-42.63611,1.455688,-37.98431,3.553314,-14.41772,
14.10904,-18.14117,19.74487,-32.39532,4.579163,-6.941223,
-3.471375,-3.17688,26.60828,-64.28711,6.625671,-12.65137,
7.378387,-9.585571,50.97046,-87.32758,7.531586,-8.806763,
6.070709,-12.39471,-45.87402,-34.34143,2.947083,-3.75885,
-1.099396,-5.198669,16.42456,-24.06891,-4.433441,-8.201904,
5.788422,4.501343,-46.27991,0,0,0,
-6.977081,-10.66742,46.46301,-14.83337,-6.518097,-10.88928,
0.0869751,-4.496765,-45.70007,35.47852,-9.283142,-11.85944,
7.569885,14.46686,-23.0896,45.25421,-9.205322,-0.5133057,
-0.7423401,-4.705811,-2.401733,42.89917,-8.508911,-1.602478,
0.06256104,5.403137,24.72839,0,0,0,
16.59088,-12.00562,-61.60583,97.74902,-17.03232,11.73523,
40.49301,-41.99677,58.31299,71.43036,-12.23099,26.68121,
5.828857,-40.69824,-26.73645,-3518.583,-9.041138,25.9491,
-24.30649,43.73627,25.46692,37.5533,0.6884766,13.58429,
7.219696,-11.96747,-4.159546,42.67272,2.875977,15.784,
-45.82596,62.93182,8.721924,0,0,0,
136.7256,-200.502,-10.28748,116.7281,23.14484,53.48419,
-71.14563,95.06378,27.66113,49.65435,18.11707,-3569.434,
-15.54031,24.49493,8.834839,34.28106,17.24014,26.56785,
-7.919312,-0.2471924,25.80566,42.98304,25.07614,34.92756,
-32.76138,57.901,-22.68372,17.3584,11.59119,15.0636,
7.932281,-54.8111,91.24451,62.43866,54.50424,65.58976,
-40.16266,81.30188,-81.25,11.8782,18.81332,17.09069,
-4.595947,2.200317,2.72522,11.58844,25.07309,22.53347,
1.967621,2.246094,-15.03601,5.080376,25.58487,21.84145,
-5.45578,2.426147,5.050659,5.181503,32.60437,28.34179,
-27.4559,6.756592,4.916382,13.44292,31.60385,25.70637,
23.1308,-7.196045,-19.06433,8.372231,16.27686,13.37776,
6.150055,-7.019043,-9.854126,7.491722,7.749023,7.264805,
10.41794,-0.9124756,-3.610229,4.762115,5.126495,4.802094,
19.28711,-17.83142,-5.859375,2.937813,-2.678986,-1.127319,
22.19696,-23.64349,-8.981323,1.149254,-13.09662,-9.059315,
-4.563141,15.09094,-11.1969,-1.64402,-15.39307,-12.62772,
1.548767,-1.159668,-2.462769,-2.112579,-16.31241,-13.25363,
-3.370667,7.626343,-10.18372,-4.566002,-25.49103,-23.13618,
-3.039551,5.33905,0.7598877,-5.342026,-24.27383,-22.2386,
-2.509308,5.844116,-4.58374,-7.896881,-27.43744,-25.76363,
-42.35153,116.037,-146.6644,-79.52976,-136.2038,-139.9819,
8.850861,-33.56171,111.7432,-36.18206,-30.74615,-31.24868,
-9.450531,19.64874,-5.767822,-38.62392,-21.94138,3576.918,
13.01956,-38.02795,28.78418,-24.63484,-12.06528,-12.09106,
-15.47623,67.41791,-52.6123,-56.81732,-15.2626,-10.82947,
12.76703,-51.31836,54.9408,-41.6466,-10.30884,-6.565857,
1.031494,38.0249,72.23816,-87.34899,-2.929077,0.5056763,
2.388763,-37.3642,3.741455,-76.70685,8.083344,-3.840942,
-1.462555,-29.56696,-8.279419,3536.834,14.39499,-8.926086,
-5.664063,-18.56995,-8.52356,-61.59363,15.8313,-13.29285,
-3.876495,2.452087,23.9624,-65.896,23.58826,-16.42517,
16.89911,-17.36908,2.001953,-35.5658,11.58722,-5.84137,
3.73764,4.911804,22.21985,-37.52411,10.90836,0.4620361,
-0.289917,-7.000732,-11.64856,-31.47552,9.046021,-1.345825,
5.551147,1.525879,-18.91174,-16.79626,6.45813,2.983093,
-1.838684,2.348328,7.113647,-21.11389,8.22876,3.943176,
21.23871,-30.3833,-27.6123,4.866943,8.629913,-12.44629,
6.307983,-9.082031,-12.64038,14.73083,6.333466,-15.81085,
-11.3327,15.84778,-12.2406,25.33539,-2.734375,-7.262878,
0,-4.191589,-3.143311,28.43475,-3.670197,-9.366455,
-10.88715,15.25269,19.35425,0,0,0,
15.72647,-27.4231,-79.15955,109.6609,-19.62265,-9.465332,
-16.26205,22.07031,80.05981,41.9281,-8.388367,7.21344,
-0.5111694,0.3204346,-2.600098,18.62793,-3.230286,3.210144,
2.817535,-4.798889,-7.36084,46.7099,-4.413147,10.72388,
8.865356,-49.61548,-27.88086,-3457.008,5.737457,42.17682,
4.660797,17.13257,27.96631,50.17667,9.837494,18.35754,
11.24573,-18.1778,7.76062,52.60376,15.83572,23.95508,
7.271576,-8.636475,36.12671,46.55806,17.12082,-3573.982,
-5.490112,19.02466,13.82751,26.4617,11.68182,18.2986,
28.07693,-74.81689,72.05505,58.37946,21.86554,38.76103,
-35.42862,62.29858,-53.34167,27.43519,5.262299,14.83161,
-12.40845,9.228516,-1.599121,28.03806,-2.159882,7.638707,
-33.62122,7.333374,38.79089,46.67633,-30.5629,-14.78608,
1.844788,11.59973,-28.70789,34.5554,-25.75241,-15.66997,
-7.012939,23.11096,-0.8117676,28.27209,-6.652985,-2.66469,
14.74457,8.850098,-36.19385,13.70613,8.055573,8.284907,
7.387543,1.547241,-9.274292,8.690948,30.68573,27.94382,
1.447296,0.08850098,-4.736328,6.71505,27.57477,25.462,
1.529694,0.479126,-8.352661,3.285141,38.84079,34.96678,
0.07781982,-0.4806519,-2.526855,0.1543808,52.55951,47.14579,
-9.209442,6.030273,-32.79419,-4.450607,64.17175,57.37234,
2.171326,1.889038,-13.42773,-4.297867,30.95047,27.3892,
12.83035,-23.16132,4.641724,-2.57679,-15.40161,-13.60079,
0.5661011,1.393127,3.494263,-2.395363,-15.14099,-13.26675,
2.427673,2.589417,-1.425171,-3.407402,-21.40228,-19.03004,
13.96255,-12.69226,-46.66138,-14.21947,-70.06546,-61.80204,
-4.618073,22.23358,31.11267,-14.04427,-30.99228,-29.23306,
4.362488,0.680542,-12.34436,-19.45415,-35.2951,-32.85121,
-12.36801,20.42847,19.96765,-17.78126,-21.26907,-22.72929,
-8.24585,83.17566,-62.4054,-65.66929,-51.15463,-62.61739,
-25.1709,64.64233,-12.16125,-92.91756,-39.48776,3545.024,
5.661774,-89.26392,86.69128,-33.42253,-5.742035,-12.72766,
-15.69519,69.35883,-14.17542,-67.31851,-4.638824,-16.17157,
19.36264,-66.36505,17.82837,-41.4691,0.2514648,-5.772705,
-1.87149,-4.934692,-2.523804,-44.14122,0.07675171,-6.757202,
9.447479,23.45428,33.45032,-81.83573,12.07581,-8.901978,
16.62674,-60.9314,12.33521,3545.533,14.52621,-9.782715,
3.88031,-26.29242,0.8483887,-53.76343,19.84955,-13.67004,
-1.631927,-18.16864,-5.297852,-52.70172,22.42844,-16.99005,
-4.203796,-1.797485,1.345825,-38.96057,20.34805,-16.95343,
3.038788,-5.352783,44.13452,-58.03131,19.98566,-17.81982,
-1.037598,5.018616,42.81616,-62.88666,26.52878,-22.23328,
-3.502655,3.930664,-50.45166,-29.08081,13.94211,-12.45789,
-15.73029,15.10468,-23.39783,-17.55463,10.9639,-7.868347,
5.524445,-3.831482,-21.38977,-7.147522,4.883118,-3.444214,
-36.41968,20.65735,-70.34607,30.14008,-8.821259,6.58783,
7.933044,-11.09467,-8.795166,33.53027,-10.74829,7.472229,
15.0116,-10.79102,10.24475,38.22571,-13.80173,7.594604,
-0.09155273,-5.56488,-4.11377,40.99396,-14.32129,6.269531,
3.061676,2.787781,-17.06848,54.09485,-15.38269,9.519348,
7.391357,-6.472778,44.08875,24.06433,-11.1763,5.015869,
11.57455,4.205322,31.73828,0,0,0,
-3.048706,-5.848694,-52.15149,47.34589,-14.00681,16.91071,
21.69647,-15.64636,10.4126,49.55902,-7.62085,22.80365,
62.06818,-103.7689,-39.98413,-3476.502,-0.1567078,65.13641,
7.775116,-89.25171,3.701782,126.8549,14.41086,-3533.025,
-50.11444,116.8381,60.20203,46.16465,10.1535,27.19315,
2.064514,1.387024,58.45337,41.08875,11.81854,25.64143,
-15.95306,38.18359,0.5065918,23.4148,8.534851,15.89343,
25.34714,-99.02649,73.58398,64.32304,30.79391,45.89223,
-41.45966,97.4884,-54.84619,30.36121,20.90027,23.89815,
-9.53598,20.17975,-14.90173,22.27722,20.24017,20.29886,
1.160431,39.46533,-44.97681,0,0,0,
-63.26523,-70.40558,163.8672,70.79659,121.58,104.5031,
30.40237,73.83728,-88.94348,17.53891,29.15405,24.63326,
15.64636,8.522034,-33.3252,5.168114,4.819336,2.991524,
10.57968,-4.96521,-16.99829,0.4515076,-0.3642273,-1.067352,
-0.3799438,1.376343,2.371216,0.6983566,-0.2729797,-1.057014,
7.624817,-0.1739502,-13.5437,2.798424,1.231842,1.104755,
-0.4547119,-4.396057,-9.332275,6.50486,-8.410797,-7.061329,
-3.794098,-12.57324,-30.94482,26.29433,-59.49219,-51.42786,
3.640747,8.778381,26.84937,0,0,0,
-5.693054,-1.550293,-34.39331,15.2235,-78.84247,-71.5015,
7.313538,32.6767,-16.69617,-26.95343,-87.1489,-81.22598,
11.26099,-9.509277,17.7948,-29.37431,-20.16083,-19.52361,
-12.88147,-21.61713,33.29468,0,0,0,
31.99463,63.95569,-75.6012,-72.71797,-29.56161,-30.17176,
-19.75632,-33.69446,45.17822,-29.98684,-9.104004,-9.839463,
-12.23831,-30.26123,30.42297,0,0,0,
-21.49429,246.1395,-136.3464,-116.6797,-22.74048,3559.485,
-34.80911,16.88538,23.172,-156.3222,-8.713379,-41.47095,
31.76193,-169.7189,131.8359,-59.88555,3.766479,-12.12708,
-9.879303,9.358215,-11.87439,-65.66029,9.547424,-13.95813,
34.42078,-102.6642,-6.787109,0,0,0,
-40.81421,106.366,4.489136,3527.626,18.03314,-15.23132,
31.0463,-70.63446,37.57019,-40.52094,13.28537,-3.647766,
9.767914,-35.73151,-42.05933,0,0,0,
-15.59753,-2.796936,30.34668,-46.39771,16.48926,-5.769958,
-4.118347,-49.53156,42.21802,-83.53455,23.18817,-16.36353,
19.57474,31.87256,-55.09033,-12.04742,0.8488464,-4.526367,
1.81427,-27.84424,17.48962,-24.06921,0.9112549,-11.26434,
1.935577,21.91467,-26.22681,-5.854187,-3.933258,-7.309875,
-3.608704,26.3855,-8.737183,0,0,0,
7.336426,-37.48474,3.436279,-0.7125854,-9.869537,-12.8302,
0.4142761,17.58881,-20.72449,21.4502,-17.98141,-11.66077,
-7.750702,19.89594,17.28821,0,0,0,
9.360504,33.28094,-38.39722,112.3065,-47.9805,0.4693604,
12.56332,-24.56055,38.04321,49.86877,-9.891815,26.33881,
1.117706,-16.85333,-10.92834,-3553.446,-5.22171,24.00574,
-5.648804,-4.544067,4.244995,19.71366,0.6427002,13.87909,
27.45895,-31.86493,-21.93909,52.84597,4.528961,36.46362,
-16.44592,6.652832,4.425049,32.88127,6.714783,21.98425,
-0.8560181,-9.210205,1.586914,29.85425,8.69812,19.87732,
24.89471,-70.58868,-1.724243,57.72967,21.53168,-3558.747,
-52.44446,117.688,24.68872,0,0,0,
73.70377,-241.7572,-3.652954,78.88162,44.57382,69.09444,
-69.4809,230.159,15.802,3.72057,3.157501,5.158262,
2.249146,-7.188416,9.539795,6.122227,5.481873,8.795662,
-6.111145,17.01813,-16.3269,0.9654808,1.080322,1.650972,
0.5355835,-2.69928,7.357788,2.280331,2.574768,3.919611,
-0.8171082,3.512573,-7.003784,2.463818,1.856537,2.79357,
-0.07400513,0.7095337,-4.013062,0.8067131,0.5918884,0.8866501,
-0.403595,-0.4684448,-1.980591,1.234016,0.4032898,0.7181549,
-0.1983643,-0.1419067,-1.394653,1.234932,0.1628113,0.4130268,
0.5966187,0.8560181,1.672363,0,0,0,
-38.79623,-19.2276,-49.20044,3.111763,10.06439,-0.6932259,
20.10193,7.975769,4.400635,3.936653,3.183746,-0.8971882,
10.65598,4.862976,7.955933,3.724289,-0.0479126,-0.9149551,
12.20093,0.5905151,10.61707,2.25708,-4.009247,-1.582184,
9.87854,-8.108521,-39.01978,5.354557,-11.59027,-4.413118,
1.777649,21.94366,9.274292,-34.95972,-24.23264,-20.98266,
20.33539,-7.673645,-7.971191,-61.76498,-34.98108,-28.47877,
-13.56812,0.7904053,32.50732,-44.02332,-17.51572,-13.34591,
-12.85553,5.769348,7.836914,-37.27691,-9.117584,-6.985288,
-4.956055,4.382324,4.428101,-39.6706,-7.451782,-5.750763,
-4.774475,-11.30524,19.17114,0,0,0,
-19.17877,56.13098,-13.30566,-94.43404,-10.08575,-9.909979,
0.2799988,-9.53064,27.23389,3550.584,-4.24469,-5.004738,
-27.65656,65.44342,33.91418,-111.1743,-9.711914,3587.245,
-3.607941,-7.452393,10.60181,-108.6642,-11.0257,-16.17981,
3.289795,-79.19312,75.43335,-178.7347,-21.83701,-7.075195,
18.33954,-63.25989,-66.16516,-136.7004,-9.426727,-6.177368,
19.03458,22.00775,-57.3761,-35.98114,-3.160706,-2.131958,
-4.937744,-56.10657,5.938721,-86.78558,7.576599,-12.41516,
-3.740692,-24.25842,-20.58716,-94.07837,38.51059,-45.51514,
18.1778,96.21887,4.312134,0,0,0,
-22.13364,-151.6678,-34.56726,-71.55731,945.1321,-951.6583,
5.012512,75.88501,43.33191,33.71277,288.7283,-296.1006,
2.581024,-47.89429,3.759766,57.55341,89.65546,-100.0092,
16.54816,119.4977,0.8789063,-0.793457,-15.23743,13.5347,
0.4310608,-1.335144,1.928711,-0.7824707,-17.59888,15.59509,
3.546906,23.66638,6.82373,-12.8479,-34.17725,34.98657,
3.56369,20.00732,5.923462,-22.72064,-72.10144,75.15793,
-10.16998,28.69873,-10.52551,-26.37604,-259.9844,264.3971,
0.3448486,-2.62146,-6.256104,-3.673096,-421.7166,426.1667,
20.27817,177.124,-11.29761,165.5978,-513.3326,537.4973,
-20.00275,-241.3605,0,0,0,0,
52.53372,236.409,-149.5483,284.4919,-45.07645,-3517.859,
-23.41766,-232.7408,60.672,107.4417,2.275848,14.51498,
27.94113,-67.04865,21.59424,99.81689,0.6278992,25.16741,
-39.07776,33.59375,43.24646,32.54761,1.637726,6.208873,
-17.97943,29.78668,24.03564,0,0,0,
0,0,0,0,0,0,
0,0,0,0,0,0,
166.8343,-326.5778,74.59717,-3331.127,57.71286,59.4001,
-166.8343,326.5778,-74.59717,0,0,0,
