r_shoulder_JNTa_x,r_shoulder_JNTa_y,r_shoulder_JNTa_z,r_shoulder_JNTw_x,r_shoulder_JNTw_y,r_shoulder_JNTw_z,
0,0,0,0,0,0,
-13.69019,1596.841,-414.505,27.49165,0.9111023,3.487025,
-16.20789,-167.1967,43.63098,24.28495,0.1890564,3.219066,
-9.268188,-43.35938,12.0575,23.5362,0.02029419,3.606063,
1.675415,-241.7725,66.16211,19.22957,-0.1791382,3.455415,
-2.514648,-41.97998,14.28833,18.34679,-0.3495789,3.755636,
1.037598,-28.78113,16.79993,16.96625,-1.011963,4.009743,
2.816772,-45.35522,21.0144,15.30691,-1.699524,4.125495,
4.882813,-43.64014,8.538818,14.68515,-1.729126,3.522463,
8.081055,33.58459,-18.04199,15.73519,-1.446228,2.363276,
0.6561279,16.03394,-2.334595,15.92804,-1.71875,2.11246,
-4.272461,99.2981,-30.24597,18.35274,-2.077484,1.557107,
5.493164,-199.3408,51.85547,15.06802,-2.01355,0.9014225,
18.39905,-927.6764,232.4921,-0.6690598,-0.6881714,-1.134171,
-0.567627,1.611328,0.1586914,-0.7670975,-0.7684326,-1.313186,
-3.173828,12.18567,-3.088379,-0.6668091,-0.1179504,-1.16847,
-0.5554199,3.509521,0.8880615,-0.7994652,-0.1106262,-1.384945,
6.152344,-18.38379,-0.06713867,-0.3099251,0.1733398,-0.2874374,
-1.306152,7.077026,-0.4211426,-0.7023239,0.3974915,-0.6603241,
0.1708984,-4.772949,0.1403809,-0.433445,0.2217102,-0.6800938,
0.0213623,-0.4333496,0.03662109,-0.4088211,0.2082825,-0.6900883,
-0.8361816,0.6225586,-1.431274,-0.4541969,-0.1257324,-1.128585,
0.1251221,-0.9002686,-0.177002,-0.4112816,-0.2243042,-1.136556,
-3.057861,4.272461,-0.7446289,-0.461235,-0.254364,-1.716316,
-1.409912,1.812744,0.1403809,-0.4927444,-0.2719116,-2.013245,
3.7323,-6.414795,3.182983,-0.4909706,-0.06195068,-1.161988,
1.190186,-2.23999,0.6866455,-0.4400635,-0.00289917,-0.8347058,
0.5310059,-3.070068,-1.153564,-0.07238388,-0.1521301,-0.4655266,
-5.517578,1.989746,-1.501465,0.03414154,-0.7723999,-1.602142,
4.79126,-2.789307,-2.096558,0.3689194,-0.1898193,-0.4935336,
-2.340698,-0.07324219,-7.720947,1.195736,-0.2482605,-0.8407474,
-1.776123,2.392578,-3.356934,1.909714,-0.1823425,-1.183243,
-2.975464,4.046631,-4.864502,3.150291,-0.04425049,-1.754055,
1.254272,-2.044678,2.392578,2.903309,0.1339722,-1.423242,
2.108765,-3.29895,1.727295,2.750664,0.6886292,-0.7460976,
1.165771,-0.668335,1.156616,2.522659,0.8297729,-0.5120587,
2.22168,-1.046753,1.486206,2.131176,1.126099,-0.07211447,
1.986694,-0.9368896,-2.008057,2.191639,1.264954,0.1430273,
5.358887,-2.380371,-2.307129,1.885681,1.390076,0.7360148,
6.854248,-0.6713867,-0.08544922,1.711197,1.751862,1.387682,
46.80786,-3.997803,-3.411865,1.012897,4.479523,5.867033,
-6.646729,-3.039551,15.85999,0.6529236,4.022369,5.306463,
-4.968262,26.08032,5.859375,-0.9502411,2.839661,4.160378,
-1.971436,-2.096558,0.7781982,-0.9725952,2.718811,3.986602,
17.73071,30.3894,12.03613,-3.88546,2.901459,4.482803,
-39.54468,-28.42712,-8.154297,-1.429405,1.00708,1.564269,
74.6521,52.84424,40.55176,-7.595596,3.631592,5.404973,
-34.26208,-27.69775,-10.88562,-5.198517,2.07077,3.01939,
52.82898,20.88623,62.19788,-13.44635,1.313934,2.596869,
9.729004,-9.545898,21.96655,-14.92731,1.119843,2.444663,
-62.39624,-28.93372,-41.09802,-9.61504,-0.3353882,0.08312702,
-21.1731,-7.794189,-11.85303,-8.341827,-1.038818,-0.9780979,
-4.672241,0.7568359,6.719971,-9.690399,-1.129303,-1.761861,
-16.95557,-6.115723,-24.94812,-6.558685,-0.7250977,-1.426768,
-8.996582,-1.062012,-5.252075,-5.996685,-0.7980347,-1.629519,
-4.129028,0.8178711,5.911255,-6.941261,-1.012573,-2.121015,
-8.59375,0.668335,0.6164551,-7.325134,-0.6880188,-1.724367,
-6.332397,1.168823,10.57739,-9.05035,-0.5593872,-1.723137,
-1.669312,-2.789307,-12.48779,-7.582378,-0.3277588,-1.132154,
-1.712036,-3.305054,-35.39124,-3.251686,0.1142883,0.1468563,
-0.09765625,-0.5126953,-0.3814697,-3.217506,0.1257324,0.1794291,
-10.7666,1.541138,-5.69458,-3.428345,0.3544617,0.554986,
7.626343,-2.423096,-1.226807,-2.009182,0.3018188,0.3078413,
-4.342651,1.663208,4.650879,-1.82272,0.6016541,0.1610994,
-0.4241943,-0.5004883,-0.4547119,-1.7243,0.717926,0.05235672,
-20.75195,1.544189,4.171753,-1.940174,2.574158,-1.341114,
7.8125,-1.757813,-2.264404,-1.61355,2.089844,-1.068435,
12.84485,-2.865601,-5.883789,-0.4391098,1.430817,-1.330991,
-4.266357,0.1098633,3.619385,-0.4049969,1.871643,-1.673498,
9.634399,-0.7263184,17.21802,0.5865955,1.940308,-0.7087946,
-2.871704,-1.281738,4.675293,0.6844139,2.272186,-0.8279276,
8.929443,-1.416016,-13.53455,1.262598,2.052307,0.1827097,
0.1953125,-0.7995605,-0.9796143,1.279221,2.016144,0.2389908,
13.04932,-6.204224,-23.94104,5.961475,4.41391,3.649011,
1.843262,0.1678467,-6.167603,5.294399,3.586426,3.525691,
7.76062,1.78833,-17.99927,4.941044,1.649628,2.871866,
-1.339722,1.904297,2.984619,3.730507,0.8139038,2.069907,
4.003906,0.6195068,-6.408691,3.877602,0.6738281,1.920586,
3.22876,0.1312256,-4.748535,3.938427,0.5477905,1.776557,
5.505371,-3.479004,-37.96692,6.546555,-0.1255798,1.449766,
-11.55396,-0.3631592,14.18457,4.8633,-0.6491089,0.2721214,
-0.8300781,-7.843018,-5.380249,8.143234,-2.004852,-0.8128834,
1.290894,-6.814575,-6.75354,10.86849,-3.143768,-1.68437,
0.7781982,-6.561279,-6.686401,12.33238,-3.778992,-1.872849,
-10.89478,12.96692,45.72449,6.177959,-2.068481,-0.8931351,
-2.276611,7.473755,17.66968,3.21579,-1.085663,-0.4687119,
1.721191,-18.29529,-43.42346,9.665833,-3.743744,-1.179523,
-2.572632,6.103516,16.50391,7.317562,-2.812347,-0.7635498,
-3.448486,8.068848,18.09998,4.775505,-1.711884,-0.2597284,
0.8422852,-2.838135,4.681396,5.558357,-2.011414,-0.3151274,
-44.29321,-7.37915,-52.88086,10.34666,-5.356293,-1.43837,
-12.96387,-10.47974,-7.028198,11.13546,-6.163788,-1.864295,
11.60278,17.96875,60.3302,3.185501,-2.576141,-1.15849,
-2.545166,-3.704834,2.609253,3.080139,-2.554779,-1.220837,
48.6084,19.33594,20.40405,0,0,0,
-57.61108,-21.30737,-12.39929,2.055149,-1.89209,-1.221828,
2.972412,-1.629639,8.868408,1.12154,-1.781769,-1.285372,
-31.17981,-17.55371,23.63892,-1.305828,-2.759552,-2.458677,
-0.8453369,-44.36035,6.796265,-5.190639,-1.231232,-0.6087112,
38.37585,10.72388,5.230713,-4.016685,-0.7650757,-0.294795,
23.39478,18.82324,3.359985,-3.797283,-0.5844116,0.2902937,
12.22839,9.661865,6.686401,-4.456196,-0.5465698,0.9525394,
2.310181,21.63086,-12.91504,-3.423595,-0.7559204,0.5749559,
-1.300049,8.917236,-6.585693,-3.141365,-0.9622192,0.4175806,
-9.851074,30.896,-9.576416,-3.08012,-1.772308,-1.174788,
21.50574,-15.802,-13.10425,0,0,0,
-25.6958,30.62134,17.57202,-2.975559,-2.078552,-1.850977,
-38.3606,-11.46545,45.4071,-3.517723,-5.491638,-8.684499,
-25.45471,-21.50269,13.51013,-4.715691,-8.073425,-13.35565,
58.92639,-37.03918,-95.38879,-1.440926,-2.846069,-4.743059,
14.96277,3.955078,7.681274,-0.6274605,-1.608124,-2.610087,
8.911133,-26.94092,5.978394,0.002403259,-1.33255,-1.94283,
2.23999,-18.69507,13.1958,0.169487,-1.511078,-2.199748,
7.672119,2.627563,14.07471,0.9867096,-0.4481506,-0.586195,
-3.201294,78.43933,-22.03064,0,0,0,
3.250122,-72.98889,18.39905,2.792854,-0.09841919,-0.1626301,
-2.1698,31.31409,-33.37708,5.529289,0.7003784,0.8673227,
0.1983643,15.05127,-5.06897,4.971294,0.6286621,0.9421659,
-0.8209229,25.1709,-10.3241,4.107018,0.499115,0.9747815,
-0.4577637,1.452637,30.37109,0,0,0,
5.206299,0.2685547,-40.82336,5.379887,1.130066,2.65775,
-0.9552002,1.049805,15.47852,3.157272,0.975647,2.132598,
-1.724243,1.416016,1.672363,2.558613,1.261139,2.144858,
0.8422852,6.280518,-16.37268,4.179935,2.212982,2.845143,
-1.51062,3.009033,5.06897,3.587418,2.03125,1.804173,
-1.858521,-12.02393,34.9762,0,0,0,
14.69116,29.93774,-84.14917,9.525433,4.549255,3.997102,
8.251953,-11.34644,47.57385,4.484634,1.938324,2.138879,
-10.53772,-9.521484,24.89929,1.418591,0.7885742,1.078756,
3.604126,1.873779,-3.244019,1.795921,1.014404,1.370001,
11.32202,17.78564,-1.348877,1.637268,2.492523,3.295257,
12.40845,57.73926,-4.190063,0.827961,5.787506,6.147304,
-39.73999,-86.46851,20.45898,0,0,0,
26.16272,98.90747,-5.514526,-1.113358,5.741882,5.049996,
-9.741211,-36.92627,16.88538,-2.191296,2.954712,2.168798,
-0.5340576,-3.173828,10.32104,-3.097458,2.332458,1.36261,
18.55469,1.44043,8.505249,-4.825249,1.595154,1.477709,
8.886719,-1.339722,3.90625,-5.524025,1.27182,1.506095,
19.0155,2.526855,6.906128,-7.413254,0.7189941,2.197971,
-62.34436,-61.43494,-41.00952,0,0,0,
130.188,117.1234,95.24841,-17.46483,1.11908,4.687743,
-0.02746582,-12.30164,14.55688,-19.81731,0.9492493,4.651747,
-32.00073,-19.37561,-4.034424,-20.53564,0.4710388,2.611961,
-59.42078,-47.85461,-31.98547,-11.12061,0.1101685,0.4247713,
-38.73901,-37.59155,-73.7854,0,0,0,
28.50952,32.56226,65.49377,-10.92134,-0.02868652,-0.3006792,
-4.153442,-9.240723,-12.25891,-9.028301,-0.1930237,-0.4898787,
1.983643,-1.434326,-4.724121,-8.931103,-0.705719,-1.136107,
3.030396,-0.8789063,11.06873,-9.963303,-0.725708,-2.206383,
2.386475,-1.696777,17.099,-11.25372,-0.7148743,-3.845625,
-31.75659,-19.31152,-76.67847,0,0,0,
13.69019,11.58447,70.28809,-9.893684,-0.05569458,-4.908786,
-19.43359,-9.561157,-51.67847,-2.682619,0.3408813,-2.216134,
-2.090454,-1.501465,-14.29749,-1.014452,0.2772522,-1.059332,
-14.45007,0.3631592,1.599121,-1.818409,0.9283447,-1.635752,
22.28394,-0.8850098,-5.911255,0,0,0,
-15.19775,0.2502441,-1.217651,-0.4630661,0.7714844,-0.08974552,
-19.99207,3.399658,6.70166,0.109129,0.6317139,1.247506,
-7.263184,-0.189209,1.983643,0.2773285,0.6143188,1.675153,
12.10938,-2.313232,-4.315186,0.4252911,0.2363586,0.1578903,
4.177856,-0.7141113,-0.9887695,0.4210377,0.1567078,-0.1047659,
26.16577,-0.4333496,-2.163696,0,0,0,
-43.93005,1.190186,47.90039,0.2357101,-0.01464844,-1.29529,
20.77026,-2.111816,-25.46997,-0.331459,-0.2941895,-0.7945442,
-11.20911,-0.5249023,8.145142,-1.311684,-0.7765198,-1.041861,
34.3689,1.446533,-30.57556,0,0,0,
0,0,0,0,0,0,
0,0,0,0,0,0,
-37.79297,6.652832,66.27808,-8.562088,-2.353973,1.993246,
42.86499,-4.797363,-53.76892,-1.800299,-0.4629517,0.1929426,
3.320313,0.2197266,2.044678,-2.066183,-0.5091858,0.1234913,
-8.392334,-2.075195,-14.55383,0,0,0,
24.95728,3.338623,20.71533,-3.01734,-0.2601624,0.1823807,
0.009155273,-0.3356934,-16.50696,-1.551666,0.2868652,0.5187893,
47.38159,2.926636,-15.55786,-2.493038,1.576538,2.050943,
-72.34802,-5.929565,11.34949,0,0,0,
27.26135,1.11084,-30.92957,0.4144669,0.7452393,0.9872246,
-4.046631,-2.130127,0.604248,0.5666447,0.6697083,0.8890724,
-4.003906,-0.869751,8.19397,2.109241,0.76828,0.1267099,
-0.01525879,-0.8972168,-1.61438,2.331085,0.7800293,-0.02647877,
-5.014038,-1.382446,-1.733398,2.890224,0.6686401,-0.8652735,
5.355835,-3.237915,-9.21936,4.349136,0.493927,-1.470447,
-19.53735,7.406616,34.69849,0,0,0,
51.48315,-31.29883,-94.8822,14.39332,-0.7969666,-5.804296,
-51.77002,18.24951,66.97693,6.277008,-1.082001,-1.816907,
-23.94714,-4.141235,-4.06189,8.199234,-2.071075,-1.85564,
-11.9751,5.493164,6.472778,5.394764,-1.933289,-0.8118486,
36.20911,11.69739,25.49438,0,0,0,
-54.05579,-16.30859,-27.61536,5.56654,-2.773895,-1.195102,
-12.07581,-5.700684,1.242065,5.190887,-3.401031,-1.518774,
-46.40808,-30.01099,-0.006103516,6.700516,-6.478119,-4.466538,
-17.13257,-41.72668,11.82556,7.597389,-8.755951,-6.720908,
56.97937,28.52783,19.42139,4.490376,-6.803741,-5.497987,
72.69287,65.21912,-4.867554,0,0,0,
-71.73462,-55.25513,-18.85681,3.731651,-7.510681,-5.943601,
-0.08850098,6.774902,-0.07629395,3.500729,-7.484894,-4.461545,
37.57324,28.36304,10.69031,1.849709,-2.892151,-0.6502342,
-6.600952,-6.488037,-1.68457,2.221241,-3.502808,-0.8294082,
40.85083,26.60522,9.927368,0,0,0,
-80.57251,-55.76477,7.63855,3.833065,-4.034729,0.5076516,
4.959106,-11.34033,-4.074097,3.764458,-3.878632,0.3543341,
45.87708,31.89392,2.581787,1.556988,-1.259918,-0.9356773,
4.476929,-0.402832,0.402832,1.333408,-1.240692,-1.042711,
12.66479,0.2746582,8.236694,0.5313301,-1.314545,-1.628615,
12.5946,35.33936,-14.78577,0,0,0,
-9.417725,-55.82275,22.229,0.3960991,-2.351227,-2.406098,
16.12244,-33.39844,22.29004,-0.8875465,-3.078156,-2.164795,
4.400635,23.32764,-8.963013,-1.183033,-1.615906,-0.7096982,
-11.10535,65.89355,-35.55603,0,0,0,
9.356689,-66.42456,37.40234,-1.442204,-1.376343,-0.5116791,
-5.499268,26.80664,-10.71777,-1.17218,-0.5899048,-0.09091794,
-3.240967,2.941895,-0.6347656,-1.166019,-0.2752686,-0.2054372,
-2.178955,2.355957,-0.680542,-1.15242,-0.04547119,-0.2918029,
-0.7965088,14.11743,-5.273438,-1.292267,0.4740906,0.3150645,
-0.4821777,3.192139,0.08239746,-1.473408,0.7081604,0.5554801,
2.841187,17.0105,-20.17822,0,0,0,
29.84314,62.4176,-5.383301,-2.861652,2.638245,8.011365,
20.7428,32.31506,-27.70081,-1.76918,2.378998,9.54898,
-20.78857,-45.19348,10.27222,-0.4423523,1.01059,4.601912,
12.10938,18.89343,-14.83765,0.2988434,1.612549,6.013498,
-41.90674,-68.43262,37.64954,0,0,0,
42.41943,65.02991,-39.60266,0.3477859,1.687927,5.584574,
-10.22949,-6.048584,-3.363037,0.5905533,2.169189,4.148343,
-7.629395,7.012939,-14.45007,0.9901428,3.661652,3.074069,
-15.43579,13.92212,-31.17065,1.866207,6.86142,1.061873,
-9.124756,-79.91638,88.58643,0,0,0,
15.13672,65.30762,-73.80981,1.280613,5.819244,0.09189606,
23.20862,-3.85437,19.57397,0.2547646,6.01532,1.881394,
-6.808472,-30.70068,31.95801,-0.2546692,3.465881,2.387295,
16.44592,6.243896,2.084351,-0.6448936,4.380035,4.8106,
-47.98279,-36.99646,20.19348,0,0,0,
56.03333,36.49597,-18.09692,-0.9151649,4.667358,5.995507,
16.82739,24.63074,-25.36316,-3.393173,8.369751,10.87239,
30.48706,-7.275391,61.84082,-5.149822,10.23239,13.3531,
-63.0127,-27.27051,-8.013916,-4.307384,4.714966,3.686056,
-11.96899,-10.4248,-1.312256,-3.889275,3.626709,2.082415,
-28.36609,-16.15601,-9.054565,0,0,0,
61.05652,25.63171,65.09399,-7.025661,3.795776,-0.8684635,
21.63696,1.837158,25.0885,-8.151493,2.528839,-1.667805,
-17.75818,-7.345581,-22.82104,-6.495972,1.285706,-0.8170128,
41.27502,10.15625,35.45532,-11.15074,1.389771,-0.2390289,
-106.2103,-30.27954,-102.8168,0,0,0,
84.57031,17.26685,88.43689,-9.736881,0.977478,-0.5152798,
-60.36682,-7.763672,-52.41089,-4.683504,0.1490784,-0.4642677,
-4.272461,0.09155273,3.921509,-5.029545,0.2667236,-1.039209,
-12.06055,-0.7080078,-4.998779,-4.235144,0.3849792,-1.627312,
-4.122925,0.2502441,1.44043,-4.104261,0.1245117,-2.506943,
-3.747559,-9.136963,-36.38916,0,0,0,
0.2685547,14.27002,54.99268,-6.013432,-0.3579712,-5.267801,
16.61987,4.443359,15.34424,-10.99804,-1.968842,-9.324841,
-18.8385,-16.96777,-61.36475,-2.123117,-0.4856873,-0.6663227,
-2.774048,-0.3692627,1.028442,-2.515802,-0.597229,-0.4551744,
4.724121,-1.376343,-10.00061,0,0,0,
-11.21521,1.763916,5.310059,-1.793365,-0.330658,1.025848,
-2.337646,-0.4180908,-0.6011963,-1.683302,-0.2767944,1.389499,
-6.005859,0.3997803,-6.454468,-0.9821701,-0.08056641,2.590251,
1.596069,-1.098633,-0.3112793,-0.7561302,-0.05065918,2.377615,
-31.63147,2.301025,3.381348,0.6551456,-0.2420044,2.443857,
49.59412,-2.947998,-1.324463,0,0,0,
-71.25854,-1.379395,3.778076,1.776447,-0.1638794,0.642004,
29.37317,-1.171875,-1.528931,1.956587,-0.173645,-3.287563,
20.61462,0.8850098,-2.612305,1.085215,-0.3527832,-2.382302,
-7.061768,-0.7385254,5.026245,1.472492,-0.3581238,-3.264832,
3.579712,-0.1159668,14.45007,1.399946,0.007476807,-3.105769,
24.75281,2.520752,-19.11316,0,0,0,
-22.45789,-3.762817,13.5376,1.822071,0.4382324,-2.511435,
4.064941,-0.2502441,-9.213257,2.549105,1.165466,-1.542072,
7.23877,1.419067,-4.559326,1.894712,0.9211731,-0.9501028,
7.180786,1.721191,-5.508423,1.375847,0.7505798,-0.3721333,
3.973389,0.8728027,5.743408,0,0,0,
-4.092407,0.2990723,-15.46021,1.966915,1.801605,-1.35529,
2.618408,-0.1159668,-1.098633,1.369562,1.100159,-1.099792,
2.124023,-0.5462646,-18.0481,1.913166,0.8074951,-1.595159,
12.14294,-3.442383,-9.735107,3.903933,1.265106,-1.728191,
13.974,-1.065063,9.677124,4.911947,1.30249,-0.8526564,
6.246948,-2.532959,-6.411743,5.770178,1.53244,-0.7819366,
8.224487,-0.2380371,0.2838135,5.806293,1.252441,0.5747986,
-41.2384,7.641602,40.79285,0,0,0,
31.89392,-7.983398,-41.27808,7.508106,1.011658,-0.06236553,
-19.18335,0.2990723,10.11047,6.478119,0.4507446,-0.5755377,
-12.71057,7.684326,31.1676,0,0,0,
0,0,0,0,0,0,
-22.25952,-34.33838,-109.0118,17.44392,-1.031647,-1.834974,
-22.61353,3.210449,33.20618,10.80563,-1.915741,-0.5535984,
17.68188,19.68079,48.01331,3.293285,-1.351166,0.08841991,
-1.940918,-0.5737305,7.998657,2.960644,-1.45813,-0.09952545,
29.13208,12.02087,19.7937,0,0,0,
-69.68689,-29.12903,-9.692383,4.947128,-3.58963,-1.001191,
-24.17908,-3.225708,-2.972412,3.94846,-5.32608,-2.944818,
52.6001,15.55481,8.197021,1.573009,-2.444305,-1.459308,
-69.0918,-21.24329,19.71436,1.187706,-7.661591,-4.977751,
110.3577,38.04321,-15.24658,0,0,0,
-170.1569,-89.35852,49.53003,0.65382,-13.11951,-8.236472,
123.526,60.44617,-22.15271,-1.783428,-5.259705,-2.35548,
-9.301758,-12.54272,23.84033,-3.989677,-7.288513,-2.502193,
55.93262,41.45508,-51.21765,0,0,0,
-32.53784,-28.66821,39.84375,-3.406734,-4.815369,-1.279352,
4.614258,5.39856,0.5462646,-3.851738,-4.674835,-1.388683,
0.6134033,-2.578735,2.828979,-4.16914,-4.724274,-1.569862,
-19.19556,-26.84631,54.76379,-9.53907,-8.808289,-4.651791,
8.52356,-4.47998,-9.292603,-8.810081,-7.389526,-4.181082,
28.88184,19.06128,-31.97021,-5.082455,-2.470093,-2.640275,
9.100342,38.1134,-56.71997,0,0,0,
-7.168579,-70.01038,91.17432,-8.032894,-2.94754,-4.395106,
8.035278,-15.93323,4.06189,-8.015213,-1.737823,-4.861366,
1.876831,41.00952,-50.91858,-3.51326,-0.3540039,3597.631,
-2.688599,-31.65283,29.28772,-4.438467,1.449585,-3.218994,
-0.05493164,76.58691,-73.60535,0,0,0,
-1.303101,-90.19775,81.97937,-4.050694,3.02475,-3.361816,
-5.340576,44.75098,-43.67065,-1.182632,2.812195,-1.4505,
-4.690552,20.25146,-19.98901,0.306263,3.059235,-0.3973389,
0.5371094,13.73901,-14.71252,1.298676,3.08075,-0.1550293,
-1.467896,2.46582,-4.391479,1.83876,3.614349,-0.06103516,
12.26501,8.990479,0.7843018,0,0,0,
-15.9668,-1.434326,-29.40369,3.872128,5.163116,-0.5184937,
-10.81848,32.01294,-91.745,9.794741,10.23727,0.09613037,
14.61792,-7.427979,37.21313,6.235638,6.279449,0.3897095,
4.147339,15.56091,4.678345,4.557533,3.554688,0.9484863,
3.503418,-0.7385254,4.263306,4.278393,3.277588,0.9014893,
4.516602,-37.97302,74.9939,0,0,0,
-2.609253,56.37207,-85.94055,4.914188,3.225403,0.9060669,
2.441406,-4.592896,11.61499,4.291229,2.65686,0.5871582,
-0.5065918,8.728027,0.9613037,4.350491,2.221985,-0.004882813,
-4.888916,16.0614,-16.80908,5.466175,2.162323,-1.270752,
5.563354,-76.5686,90.17334,0,0,0,
-21.50574,138.5986,-175.5371,10.5764,2.836761,-5.166016,
6.811523,-80.08423,119.0796,3.570499,0.5276489,-3.543091,
19.07959,-31.10352,35.12268,0.9523964,0.4110718,-0.8700562,
4.916382,5.123901,-4.299927,0.9628487,0.5647278,-0.8377075,
-9.301758,-32.53479,25.63477,0,0,0,
28.50037,32.09229,-7.91626,-0.3894997,1.114349,0.7455444,
9.750366,-0.5218506,7.150269,-0.9971809,1.37558,1.435547,
48.62061,22.36633,-1.989746,-3.740845,4.42749,7.69165,
21.43555,-5.36499,13.71765,-4.77026,5.225983,-3590.722,
-63.1134,-29.90112,13.60168,-3.302193,3.15979,5.628943,
-45.19348,-18.67065,-24.5636,0,0,0,
49.3866,18.88428,42.22107,-4.537964,4.509277,7.249685,
-12.28027,-2.255249,20.30334,-4.700718,4.95697,6.393907,
-23.04688,-5.944824,-33.92029,-2.311974,1.807861,1.986349,
16.59851,11.74011,16.29639,-3.963013,2.658234,2.894263,
49.38354,30.0415,24.29504,-7.038708,3.392334,3.643968,
-80.0415,-52.46582,-69.19556,0,0,0,
83.02917,42.11426,58.68835,-6.448822,2.673035,2.95788,
-19.06128,-13.74512,-44.29016,-3.533974,0.5679321,1.011829,
2.74353,-4.754639,-1.300049,-3.62318,0.4319763,0.817759,
-4.837036,-6.289673,-3.985596,-3.450546,0.1901245,0.4521298,
15.11841,0.1159668,42.04102,-4.952221,-0.1426697,0.366652,
-76.9928,-17.4408,-51.15356,0,0,0,
58.49609,11.00464,44.71741,-7.155352,-1.210175,0.7218504,
-42.6239,-5.657959,-38.18054,-4.543705,-1.062012,0.7060051,
-17.15698,-2.593994,-2.554321,-2.985554,-1.095886,0.7253027,
-8.065796,-1.712036,-3.158569,-1.956234,-1.079559,0.7040977,
-11.13586,2.484131,-13.76953,-1.219206,-1.168671,0.5050135,
20.48645,-3.52478,12.94556,0,0,0,
-25.03662,2.685547,-17.45911,-1.100245,-1.276398,0.5013466,
-3.363037,-1.733398,28.6499,-0.7112408,-2.319946,-0.007090569,
4.296875,-0.7873535,1.828003,-0.5515766,-2.071686,-0.05687714,
-54.03137,-0.07324219,13.4552,0.1344299,-6.11145,-0.6201601,
78.13416,-0.09155273,-26.474,0,0,0,
-55.64575,-5.328369,69.71741,-0.5268764,-4.167023,-1.280634,
38.84277,0.6164551,-41.79993,-0.3436184,-1.177063,-0.6247568,
-2.963257,1.16272,-7.296753,-0.6498051,-1.233521,-1.076167,
0.5645752,-0.3173828,0.9521484,-0.9237957,-1.317291,-1.328142,
8.795166,1.94397,-7.43103,-1.04784,-0.9335327,-1.272449,
10.40649,1.922607,-14.14185,0,0,0,
-4.135132,0.2502441,17.39807,-1.805315,-0.7543945,-1.776147,
14.00452,4.647827,9.579468,-3.766699,-0.4219055,-3.178647,
-9.869385,-4.898071,-26.97754,0,0,0,
36.90186,11.56311,-12.31689,-2.023611,0.2497864,-1.776161,
-22.05505,-8.444214,-0.5340576,0.08149147,0.322876,-0.01388311,
13.58032,0.6469727,-11.59058,0.1718235,0.6268311,-0.01711369,
-8.618164,-2.944946,17.58728,1.133041,0.6388855,0.6535339,
9.466553,-0.1434326,-3.417969,1.661892,0.9394836,0.9822512,
11.60889,-4.251099,-50.4425,7.241049,2.041321,2.391655,
-40.8844,3.573608,60.71472,0,0,0,
46.51184,-7.263184,-69.96765,8.307734,2.316132,2.863824,
-37.36572,-0.06713867,24.86267,6.731462,1.165009,0.7236886,
-1.40686,-1.202393,1.358032,6.587591,1.079559,0.6948638,
-7.739258,8.532715,43.74695,0,0,0,
8.700562,-19.77539,-80.75256,12.20718,1.441956,0.6812048,
-2.41394,-8.279419,-9.70459,13.92416,1.602478,1.761131,
-14.68811,5.438232,43.84766,9.186554,0.3405762,1.585062,
-19.37866,-27.95715,-10.06775,14.87289,-0.267334,2.80925,
-2.017212,5.401611,23.61145,10.03128,-0.4856873,1.645231,
29.79736,45.17212,33.0658,0,0,0,
-31.30188,-28.86658,-3.771973,5.299282,-0.7833862,0.5202055,
-14.151,-2.713013,-12.79297,5.310669,-1.503601,-0.3652954,
-1.290894,4.507446,-14.74609,4.233551,-1.690521,-0.905509,
-9.82666,-7.650757,2.72522,3.7356,-2.725677,-2.262795,
-41.96472,-27.29187,6.75354,4.233017,-6.317902,-5.97775,
98.53516,62.01477,21.83228,0,0,0,
-177.179,-110.907,2.633667,1.790028,-14.89441,-14.65996,
127.6611,93.77747,5.297852,-1.403618,-4.027863,-3.595719,
49.51782,17.12952,-7.931519,0,0,0,
-101.8738,-33.94775,25.25024,-4.277134,-7.833862,-6.741435,
73.25134,25.10986,-15.69214,-1.59338,-2.049103,-1.683363,
-16.44897,-6.689453,6.994629,-2.664871,-3.126221,-2.625335,
-12.18262,-8.062744,9.979248,-3.917522,-3.424683,-3.290245,
1.217651,-8.837891,7.421875,-4.661121,-3.879089,3595.998,
-17.57507,-42.57202,35.14709,-8.848152,-7.011108,-8.268433,
13.55896,-19.07349,-4.693604,-9.017792,-6.924133,-8.039246,
60.05249,94.07349,-64.40735,0,0,0,
-6.185913,-67.20581,35.73303,-4.937687,-4.213715,-3.579407,
13.35144,39.45313,-24.45374,-1.629295,-1.71051,-0.6011963,
9.405518,-3.015137,0.567627,-1.619511,-1.165009,0.6365967,
4.830933,5.627441,-2.651978,-1.170521,-0.2655029,1.738586,
17.61169,-7.525635,-0.9155273,-1.141129,0.4638672,4.918213,
-39.01367,32.66602,-8.279419,0,0,0,
46.96045,-36.44409,7.095337,-1.074886,0.8998108,6.397095,
-22.85461,12.80518,3.237915,-0.7778549,1.217651,4.103394,
-12.8479,8.276367,1.004028,-0.5673599,1.328735,2.769775,
-11.1908,-0.7385254,2.844238,0.03845215,2.399292,2.219849,
-0.06713867,16.10107,-14.18152,0,0,0,
-3.781128,-6.729126,9.225464,0.4819489,2.810822,-3598.41,
1.693726,6.09436,-6.228638,0.3009033,1.359711,0.6174854,
2.087402,0.6347656,-2.996826,0,0,0,
4.251099,77.28882,-76.05591,4.550838,5.050964,3.870773,
-4.251099,-77.28882,76.05591,0,0,0,
5.947876,47.6532,-52.03552,2.319775,1.968231,2.764188,
-1.333618,-5.606079,4.135132,2.040329,1.577606,2.349617,
-2.34375,12.33521,-15.16113,2.531357,1.443481,2.639471,
-0.7507324,-3.057861,1.583862,2.736263,1.660767,2.51062,
-1.519775,-51.32446,61.47766,0,0,0,
-0.2349854,79.60205,-101.0773,5.244751,3.35434,3.924023,
-5.661011,30.40161,-118.2953,15.00725,8.075867,4.762285,
10.91309,-87.9303,165.0421,4.332371,2.285614,1.124208,
4.800415,-1.055908,-2.450562,5.015278,2.621002,1.167545,
-9.817505,-21.01746,56.78101,0,0,0,
18.90564,21.42334,-51.91345,5.035477,3.083038,2.20156,
0.1861572,-4.748535,10.59875,4.147682,2.743378,2.209938,
9.112549,3.869629,10.98633,3.579578,3.156128,3.154294,
5.841064,0.189209,0.4974365,3.695927,3.597412,3.745379,
38.23853,15.5426,33.86841,0.8429337,5.163574,5.795658,
26.72424,-3.02124,9.820557,-0.006752014,5.811768,6.369691,
-99.00818,-33.255,-13.85803,0,0,0,
75.37537,24.34692,37.47864,-2.859726,1.882477,1.415501,
-33.56628,-5.249023,-7.647705,-2.444134,1.305084,0.6394434,
-41.80908,-19.0979,-29.83093,0,0,0,
107.0129,55.87158,80.62134,-6.891022,2.112122,0.4367781,
-41.21704,-17.86804,-26.51672,-4.961376,0.8528137,-0.3619766,
-65.7959,-38.00354,-54.10461,0,0,0,
99.35608,54.22058,89.01672,-8.292389,1.36261,-0.8593082,
-19.50073,-19.40918,-18.69507,-6.909008,0.9002686,-1.073656,
-45.5658,-15.48462,-43.07251,-4.022942,0.1771545,-1.141701,
6.008911,5.514526,5.450439,-5.890427,0.006103516,-1.54727,
-19.03687,-10.82153,-13.26599,-3.79612,-0.0668335,-0.8739328,
-13.82141,-4.711914,-9.591675,-2.690105,0.02670288,-0.1074076,
0.2075195,0.1251221,2.044678,-2.933064,0.03204346,-0.1097488,
-0.2685547,7.302856,5.480957,-6.703548,-0.06866455,1.833444,
-5.682373,-0.3204346,6.155396,-8.006382,-0.1092529,2.869182,
-3.277588,-7.937622,-7.836914,-5.183105,0.2064514,2.299981,
1.580811,-8.477783,-15.68604,0,0,0,
-1.498413,5.697632,12.68616,-4.537411,0.3213501,2.256713,
-6.912231,1.51062,13.25378,-4.101486,0.3492737,1.273513,
-1.251221,0.2746582,3.738403,-4.398956,0.3788757,1.28335,
-11.6272,2.719116,11.37695,-6.184273,0.9806824,0.03189564,
-13.27209,-3.323364,14.99634,-5.756454,1.290283,-2.587023,
-4.01001,-2.532959,4.232788,-5.522556,1.393127,-3.460145,
10.5957,-2.49939,-18.30139,-3.768559,1.044922,-2.575312,
-15.24353,-1.321411,8.053589,-3.484955,1.75827,-4.460969,
24.60632,-0.4699707,-23.67554,-1.388712,0.7711792,-1.878204,
18.61267,-0.05493164,-26.36108,0,0,0,
-66.76941,-14.30664,150.5768,-3.55588,2.998047,-6.219115,
49.7345,11.8927,-130.6976,-0.8840179,1.533051,-1.969469,
4.794312,0.5523682,-5.499268,-0.6352043,1.107178,-1.419604,
10.42786,1.171875,-28.33557,2.378454,2.622986,-0.7672882,
2.593994,0.7019043,-3.460693,2.327833,2.182922,-0.4384828,
13.78174,6.982422,-45.20569,2.962713,0.4856873,0.6257343,
1.446533,-5.108643,-3.479004,3.160009,0.5213928,0.6807423,
-11.4502,-2.270508,47.89734,1.619883,0.07888794,0.3107142,
13.41248,-2.896118,-52.13013,7.665167,0.1567078,1.429,
-11.43799,-0.2807617,39.83154,4.588184,-0.2767944,0.4587221,
1.385498,-1.229858,-4.763794,5.248947,-0.322876,0.5486393,
-1.138306,-10.79712,-29.89502,11.27562,-1.989899,-1.593094,
2.11792,-3.347778,-1.11084,11.30665,-2.112274,-1.662142,
-5.361938,-2.487183,5.712891,10.56229,-2.28241,-2.895989,
-4.553223,5.24292,21.50574,6.997871,-1.709747,-2.785752,
-8.026123,-3.414917,-5.447388,8.39922,-2.453461,-3.816547,
-11.00769,-1.867676,-0.05493164,9.129791,-3.145142,-4.734633,
0.4302979,-4.742432,-5.593872,10.09361,-3.261414,-4.747891,
2.764893,-1.99585,0.5554199,9.884052,-2.986145,-4.196393,
-8.987427,-17.67578,-38.32703,14.75557,-4.34967,-3.226865,
12.21924,15.3595,46.61255,8.807373,-2.592773,-1.335425,
-8.648682,-28.97644,-2.471924,15.7382,-4.533081,-1.952021,
-15.06653,22.10083,-23.86169,9.55862,-1.6745,2.130599,
1.022339,6.896973,20.16296,6.574078,-1.157684,2.067543,
-3.024292,1.312256,8.874512,5.181618,-0.9239197,2.25626,
-7.528687,-6.19812,-2.920532,5.443058,-0.546875,2.948813,
1.681519,2.91748,7.434082,4.154129,0.227356,3.143071,
-2.532959,-5.715942,0.9338379,4.101372,0.2059937,3.291655,
-51.87683,-41.45203,-13.42773,4.636459,0.1091003,5.411108,
25.32349,0.9735107,34.20715,4.041214,0.05111694,4.770133,
43.96362,49.40186,10.79102,0.775795,-0.2578735,0.9287858,
-2.584839,-4.815674,0.5950928,0.6604385,-0.332489,0.8375239,
1.724243,1.742554,14.03198,-0.9710693,-1.376801,-0.9955072,
4.019165,1.293945,1.348877,-1.25473,-1.440582,-1.276228,
4.620361,-5.212402,8.69751,-2.11319,-1.842804,-2.430179,
3.448486,1.544189,-2.545166,-1.971588,-1.646576,-2.204146,
-1.373291,-30.14832,49.93896,-6.539764,-5.094147,-6.217907,
1.00708,-0.9216309,-9.698486,-6.014328,-4.508972,-5.524233,
5.792236,23.46497,-9.356689,-5.039654,-2.871094,-3.883426,
2.215576,9.405518,0.567627,-5.021763,-2.271423,-3.397456,
-7.437134,-10.02808,14.52332,-6.531162,-3.008881,-5.019373,
12.45728,30.17578,-46.91162,-1.946697,-0.9048462,3598.379,
-10.29358,-31.04248,60.56824,-7.767124,-2.716217,-5.105591,
13.83972,31.04553,-51.85852,-2.669754,-0.6542969,-1.332092,
-0.6561279,-4.260254,8.712769,-3.520031,-0.8447266,-1.751404,
83.26721,-45.49866,129.9255,-13.81636,-1.619568,0.6033325,
-35.52246,49.85962,-117.0044,-4.078693,-0.2352905,1.891479,
-6.030273,11.83472,-28.42102,-1.654701,0.1477051,2.810669,
-1.141357,1.977539,-3.900146,-1.318645,0.3669739,2.991028,
-7.479858,5.166626,-13.39722,-0.1481247,1.048584,-3596.676,
4.486084,0.1403809,-5.007935,0.5456161,1.729279,4.4478,
-27.57874,-6.64978,-10.64148,1.544228,1.374664,2.101969,
-5.130005,-0.9429932,-6.860352,2.240829,1.703796,2.108013,
-45.64819,-7.592773,-59.00879,8.164787,4.420166,1.927593,
-3.051758,-0.7598877,-8.496094,8.844872,4.858093,2.316465,
23.33374,19.65942,19.38477,5.798855,2.546234,2.529175,
2.008057,0.2868652,1.419067,5.570583,2.47467,2.488062,
9.783936,21.1731,-5.825806,5.152512,2.222595,3.948944,
5.718994,23.41309,-31.36292,6.853561,2.949371,6.23323,
13.38501,-29.76074,63.61084,2.541428,0.6628418,2.956223,
1.45874,1.928711,-3.717041,2.725048,0.7397461,3.206854,
35.62317,90.92407,-122.8821,9.541626,1.588287,11.59976,
5.688477,-9.570313,11.90491,7.564354,0.4112244,9.602633,
-30.36499,-61.87744,72.79663,4.023132,-0.1557922,2.59038,
-10.1532,-19.76929,27.00806,2.75013,-0.3343201,0.4130459,
-1.541138,-5.786133,22.4823,1.399345,-0.1431274,-0.224371,
1.452637,1.690674,7.049561,0.843277,-0.05279541,-0.7370615,
0.201416,-3.210449,1.998901,0.7458496,-0.04882813,-0.6729746,
14.16931,13.78174,8.511353,0.06324768,1.06842,0.1369333,
4.907227,-1.467896,5.316162,-0.4745102,1.280518,0.4944563,
77.61841,61.66992,59.0271,-7.625427,5.451965,5.556087,
-12.60376,-24.53918,0.7476807,-7.182884,4.375,4.112816,
-37.87537,-20.44678,-0.8209229,-6.493263,2.467804,1.287851,
3.591919,4.110718,0.9796143,-7.534313,2.283173,-0.06114483,
-59.04236,-52.73132,-51.84326,0,0,0,
69.25354,62.72278,62.89368,-10.00595,1.968384,-3.160572,
-27.58789,-26.27258,-4.360962,-6.545982,0.8439636,-4.177699,
-13.77869,-15.54871,-19.25354,-4.238205,0.5462646,-2.727203,
-27.88696,-20.90149,-39.27917,0,0,0,
156.0059,87.5824,213.0096,-23.60855,5.622559,-10.14716,
-133.0688,-75.38147,-189.3036,-4.085979,1.303864,0.4386997,
13.24463,5.334473,14.7583,-6.378403,2.015686,0.6602478,
-10.68726,-1.699829,-12.80518,-5.925388,2.368774,1.576147,
-1.226807,-1.113892,-0.4974365,-5.92144,2.4263,1.705341,
-12.87231,-1.022339,-0.07629395,-5.885582,1.525574,1.132321,
-11.39526,-13.69934,-25.08545,0,0,0,
-2.450562,31.2561,68.8324,-14.38581,2.673187,1.611786,
-8.795166,-15.95459,-31.93665,-7.835388,1.159515,0.5323601,
0.7080078,-2.255249,-0.5981445,-6.06638,0.5986023,0.2794313,
0.1525879,-1.708984,0.8758545,-4.402905,-0.007476807,0.002970695,
-1.708984,-0.4608154,2.603149,-5.018578,-0.08026123,-0.08965492,
-2.670288,-1.376343,-5.801392,-5.294151,-0.3109741,-0.4272604,
-2.783203,-0.2929688,-0.869751,-5.92268,-0.4344177,-0.7858944,
1.467896,-2.761841,-12.35962,-4.901142,-0.4779053,-1.087589,
-11.4563,1.577759,11.69128,-7.873955,-0.8560181,-2.411537,
-6.716919,-1.947021,7.226563,-9.76902,-1.103516,-3.443685,
34.25293,-6.07605,-39.6637,0,0,0,
-30.33752,6.280518,56.25305,-9.3188,-0.6338501,-2.716146,
19.92493,-2.587891,-24.06311,-3.658609,0.03570557,-0.6349468,
7.287598,-1.05896,-8.804321,-1.908998,0.3067017,0.2083206,
-1.019287,-0.06103516,8.065796,-2.559719,0.4127502,0.285368,
4.251099,-2.194214,-11.43799,-1.105871,0.4211426,0.7626486,
-0.1068115,-0.378418,-20.01343,0,0,0,
5.981445,-0.9979248,4.675293,1.473436,1.025238,0.837326,
3.408813,-2.758789,-29.68445,4.082136,0.9086609,0.03046036,
-11.60583,-1.675415,-12.64343,4.712591,-0.2087402,-2.402143,
-0.8148193,-2.038574,-0.3112793,5.196962,-0.2470398,-2.661099,
3.030396,7.470703,37.96387,0,0,0,
-14.30664,-11.09619,-38.92822,9.611473,-0.526123,-5.180321,
5.166626,1.538086,2.929688,7.222023,-0.844574,-3.749273,
2.954102,1.528931,7.653809,5.391102,-0.7305908,-2.765367,
-0.6225586,-7.748413,-26.61133,9.456654,-1.645203,-4.038365,
-0.1800537,-22.42737,-61.48987,18.90581,-3.790436,-7.33592,
-0.5737305,10.06165,44.70825,13.15216,-2.876129,-4.750892,
-4.171753,9.457397,32.58972,9.539204,-2.227783,-3.063403,
-3.826904,-5.435181,-7.128906,10.29299,-2.6474,-3.450713,
-3.80249,-6.375122,-6.359863,11.26404,-3.105469,-3.92625,
19.3634,30.49622,52.63672,0,0,0,
-55.5603,-53.0426,-86.69739,16.67889,-4.548492,-5.759053,
0.201416,13.51013,22.41821,11.19558,-2.771301,3596.912,
-24.36523,-11.59363,6.253052,13.32489,-2.993622,-2.778015,
0.1647949,-14.17236,25.42114,14.58456,-3.480072,-3.282166,
19.01855,28.71704,-0.4058838,7.394829,-0.5091858,0.5914307,
-0.2838135,-3.613281,-0.5462646,7.184868,-0.3761292,0.7962036,
0.9094238,6.866455,-5.276489,5.274658,0.1853943,1.212158,
-3.305054,-7.41272,-0.4364014,5.439873,0.3240967,1.294556,
-2.160645,-8.197021,1.78833,4.826927,1.161041,1.533813,
-4.104614,-13.87024,-0.4425049,4.59343,1.444397,1.713867,
69.48547,62.80823,37.92419,0,0,0,
-125.0061,-148.7701,-23.70911,6.822662,3.479309,-3596.447,
95.47119,104.7729,24.68567,0.6577301,0.2262878,1.040157,
14.60876,19.39697,0.8270264,0.1040268,-0.01800537,0.5670986,
-1.525879,-1.986694,7.345581,-0.8406448,-0.5863953,0.3399673,
-0.9918213,-2.676392,8.010864,-1.916466,-1.220398,0.07505536,
-0.7659912,-0.7385254,1.644897,-2.106781,-1.942444,-0.7143041,
-0.6774902,-2.041626,1.45874,-2.301979,-2.5,-1.293723,
-15.1001,-21.34399,35.14709,-4.830818,-6.139374,3594.096,
-10.12573,-23.91968,19.05212,-6.668243,-8.415985,-8.68042,
30.91431,43.07556,-22.84851,-4.850044,-4.591064,-4.988403,
13.19885,34.23157,-51.61438,0,0,0,
-7.226563,-40.31677,81.21948,-7.68177,-6.580963,-7.058105,
11.30066,18.82019,-25.45776,-5.085068,-4.579315,-4.360657,
0.4333496,8.26416,-17.56592,-3.531742,-2.901001,-2.659607,
5.865479,2.89917,12.57324,-4.685688,-3.016663,-2.363586,
3.570557,-2.34375,14.66064,-6.184368,-3.899841,-2.921143,
2.801514,5.767822,28.50952,-9.58149,-5.833588,-3.249512,
-1.504517,-0.9521484,-12.00867,-8.573341,-5.06546,-2.580566,
-9.698486,1.507568,-55.19714,-3.372288,-1.838074,0.2532959,
-5.541992,6.35376,-26.7334,0,0,0,
13.2843,-18.58521,22.66235,-2.477379,-0.4031372,2.896423,
-13.2843,18.58521,-22.66235,0,0,0,
16.12549,-10.88257,-10.62622,1.070404,2.374573,4.914246,
-6.964111,7.797241,-1.565552,1.161556,1.749115,2.961731,
22.3175,24.21875,-97.10388,9.948673,10.44647,12.57477,
-7.815552,-4.147339,24.65515,7.164478,7.899017,9.530945,
-12.16431,13.14697,9.945679,5.619488,4.940796,6.634827,
2.502441,4.47998,-10.849,6.117458,5.600891,-3592.348,
-14.00146,-34.61304,85.54382,0,0,0,
14.60571,47.07031,-79.37317,5.050812,4.990234,7.780143,
0.8544922,0.5493164,-2.658081,4.895535,4.888763,7.721453,
-1.156616,6.600952,-5.813599,4.835701,4.175873,7.204052,
1.254272,50.84229,-46.04797,6.040039,5.709381,7.255435,
-15.55786,-105.0629,133.8928,0,0,0,
16.81824,105.2673,-112.2162,3.33519,3.804932,1.98173,
-8.480835,-74.38965,98.19946,-0.4907227,0.01846313,-1.831477,
12.72278,17.47742,11.80115,-2.282562,-0.2833557,-2.573557,
7.250977,0.6958008,13.35449,-3.415222,-0.5072021,-2.500737,
11.40137,-0.5187988,17.5293,-4.625053,-0.905304,-1.974399,
5.389404,-4.348755,9.277344,-5.114899,-1.101379,-1.531332,
-45.10193,-44.18335,-37.94556,0,0,0,
85.99548,91.17737,103.8757,-13.20343,-1.870117,-0.722785,
-3.735352,-16.31775,-1.828003,-12.6757,-1.709595,-0.1401711,
-25.07935,-1.367188,-25.2594,-12.74975,0.3131104,-0.01121521,
-23.8678,-31.21948,-12.72278,-7.379913,0.5374146,-0.5707717,
-10.95276,-14.08386,-19.54651,-4.827747,0.3881836,-0.8828282,
5.371094,3.399658,9.448242,-5.751648,0.471344,-1.055715,
15.26184,6.591797,7.415771,-6.750088,1.019745,-1.803133,
5.407715,-2.832031,-0.3814697,-6.915264,1.276703,-1.636206,
54.31824,16.02478,12.29248,-11.23241,3.806763,-1.02453,
-8.383179,-19.05518,-5.993652,-9.664936,3.522034,-0.4050612,
-94.33594,-32.31812,-67.30042,0,0,0,
48.57788,12.93335,21.82007,-4.669647,3.0159,2.044483,
-7.110596,-3.210449,-4.193115,-4.002228,2.942047,2.381668,
10.1532,1.507568,-0.6713867,-5.210838,4.910889,5.011036,
-31.58569,-4.122925,-6.451416,-3.31255,3.119659,3.825474,
-7.321167,-2.792358,-3.219604,-2.228622,2.057648,2.561526,
2.636719,6.314087,0.1861572,-3.445873,3.535004,5.590239,
3.308105,3.713989,0.3173828,-4.863892,5.018921,8.560181,
-3.903198,-3.338623,1.156616,-3.440094,2.874603,6.180391,
-14.75525,-11.00464,-8.944702,0,0,0,
18.85071,14.28223,5.331421,-4.267464,2.412109,8.752975,
-18.85071,-14.28223,-5.331421,0,0,0,
5.26123,4.473877,-9.884644,-1.719952,0.717926,4.185066,
-8.712769,-0.06103516,-1.193237,-1.980934,0.2897644,3.550115,
-12.8479,-1.202393,6.759644,-2.702026,-0.4916382,3.305302,
-6.445313,-3.887939,10.88562,-2.323685,-1.113739,1.706395,
10.69946,-0.7324219,-1.065063,-1.273918,-0.7417297,1.002016,
5.725098,1.019287,2.319336,-0.7405853,-0.7568359,0.7114983,
-0.4516602,-0.1861572,4.75769,-0.7298279,-0.8491516,0.8865929,
2.908325,-1.055908,22.19238,-0.01916885,-0.7249451,1.265726,
1.895142,-2.731323,-3.652954,0.1294136,-0.7951355,1.123819,
1.968384,4.364014,-31.11877,0,0,0,
3.204346,-3.695679,13.53149,0.5295372,-0.8747864,0.5296898,
-4.806519,0.881958,-11.79199,1.718216,-1.049957,-1.853604,
-6.567383,0.3143311,-16.28113,3.617077,-1.464996,-5.449648,
-5.410767,-3.213501,-31.54297,5.530224,-1.126556,-8.304453,
4.342651,-0.5371094,10.44006,3.752766,-0.4611206,-5.388546,
2.29187,0.982666,18.7561,3.166828,-0.696106,-3.839383,
-0.5432129,-1.156616,-1.974487,3.503075,-0.788269,-4.238362,
3.448486,-3.720093,-18.97888,5.390415,-0.5831909,-3.911471,
2.044678,-2.127075,-7.189941,6.018677,-0.4855347,-3.577805,
6.92749,-15.41443,-57.35474,13.28453,-0.9307861,-2.806644,
-4.931641,27.68555,102.3865,0,0,0,
5.841064,-36.18469,-114.3829,15.0297,-1.213226,-2.836883,
-26.08337,21.79871,84.21326,7.599335,-1.26709,-1.9912,
-15.93933,-14.18762,-18.69507,12.60574,-2.362976,-3.918142,
8.639526,4.248047,15.02991,8.929119,-1.906433,-3.360021,
5.560303,5.621338,9.130859,6.028385,-1.732483,-2.470939,
-7.366943,-7.275391,-6.933594,7.554283,-2.470703,-3.270447,
-29.29993,-21.15479,-9.545898,11.35878,-3.133392,-3.093874,
-32.41272,-36.63635,25.55847,15.83105,-3.812256,-2.433453,
20.44067,11.18774,-9.536743,11.14063,-1.65329,-0.1600373,
70.62073,72.58301,25.16174,0,0,0,
-54.54712,-50.15564,-38.05237,6.738129,0.5662537,2.285217,
6.686401,2.441406,6.375122,5.338402,0.6184387,2.389054,
0.4394531,-3.85437,2.328491,4.893036,0.6959534,2.648435,
-23.27576,-20.16602,-1.074219,5.337715,-0.6114197,2.467191,
70.69702,71.73462,30.42297,0,0,0,
-117.395,-112.8326,-25.71106,3.817177,-5.018311,-0.9503222,
62.71667,50.14954,28.83606,1.244659,-2.973022,-1.127331,
14.04114,17.54456,6.390381,0.07118225,-3.084259,-2.514796,
4.650879,2.700806,1.062012,-0.2016068,-2.958679,-2.633858,
5.709839,14.42566,14.20288,-1.893616,-2.701569,-2.737153,
-0.07324219,-1.589966,1.724243,-2.164421,-2.769775,-2.778876,
30.34973,29.60205,-26.50452,0,0,0,
-26.39771,-17.17224,38.16833,-3.696747,-2.824097,-2.643267,
-4.693604,-5.081177,23.08655,-6.04763,-4.567719,-3.925815,
-30.3009,-34.66797,125.5219,-19.07131,-13.86383,3589.196,
38.78784,23.31543,-106.5643,-8.145809,-6.486664,-5.744934,
8.853149,9.735107,-29.04053,-5.248318,-4.235382,-3.86261,
-3.909302,-8.752441,8.123779,-6.055679,-5.106964,-5.330811,
-5.459595,-12.86011,11.24878,-7.229462,-6.360321,-7.531128,
2.130127,0.668335,-2.041626,-7.251949,-5.420837,-7.346802,
2.566528,2.426147,-3.796387,-7.026691,-4.403076,-6.985168,
-5.154419,2.978516,5.316162,-8.260574,-4.494781,-7.983398,
23.57788,39.4104,-70.02258,0,0,0,
-26.55029,-36.33118,68.99414,-8.628426,-4.243317,-8.205261,
18.32886,31.55823,-47.20764,-2.964916,-1.118469,-2.142639,
8.221436,4.772949,-21.7865,0,0,0,
0,0,0,0,0,0,
0,0,0,0,0,0,
0,0,0,0,0,0,
0,0,0,0,0,0,
0,0,0,0,0,0,
0,0,0,0,0,0,
19.44885,198.5596,-420.0836,43.3885,29.91028,30.63019,
-19.44885,-198.5596,420.0836,0,0,0,
0,0,0,0,0,0,
0,0,0,0,0,0,
0,0,0,0,0,0,
0,0,0,0,0,0,
0,0,0,0,0,0,
243.3258,338.9404,-749.3774,61.25233,44.29092,-3547.779,
-191.0919,-308.1543,678.8116,6.136513,3.718109,4.150126,
-52.23389,-30.78613,70.5658,0,0,0,
0,0,0,0,0,0,
98.67249,54.40063,-46.20361,3.66993,2.095795,2.848258,
-36.52039,-16.9342,62.31079,-2.692528,0.2828979,1.222522,
-25.75684,-11.98425,4.095459,-3.034401,0.213623,0.8884168,
13.24158,7.867432,8.856201,-4.270554,0.2755737,1.180325,
93.29529,83.46863,97.95227,-18.07034,1.614227,3.643618,
-142.9321,-116.8182,-127.0111,0,0,0,
150.3174,107.3181,139.3799,-19.93225,1.990051,3.681982,
-60.49805,-42.94128,-44.39087,-13.3606,2.085571,2.400494,
-33.24585,-23.87695,-20.30029,-8.678608,1.364594,1.651549,
-23.20251,-18.52722,-30.69458,-5.024109,0.7589722,0.9278965,
6.851196,7.049561,-10.36072,-6.259727,1.074982,1.511865,
5.587769,1.898193,0.5523682,-6.961498,1.187897,1.72461,
35.15625,19.25659,24.58191,-12.55781,3.49411,4.548922,
28.67737,7.617188,29.34265,-17.06903,5.632782,7.07849,
-33.62122,-22.29004,-18.12134,-13.34278,4.19281,4.969549,
-45.43457,-20.20874,-35.13794,-7.158928,2.222443,2.317438,
-9.298706,-2.813721,8.886719,-7.076302,1.940155,1.788063,
-8.166504,-3.845215,2.91748,-6.484528,1.610565,1.311712,
-11.22742,0.5187988,-7.867432,-5.949039,1.212311,1.275635,
-1.895142,-9.155273,-38.78784,0,0,0,
-15.14282,16.86401,57.00073,-9.030685,1.571655,2.350907,
-23.31848,3.982544,-2.352905,-8.425598,1.234741,2.933173,
13.90991,-9.320068,-21.36841,-5.152092,0.6547546,1.789541,
6.622314,-5.014038,-17.9657,-2.201653,-0.1127625,0.6237698,
-5.447388,1.416016,4.748535,-2.891483,-0.1445007,0.8468533,
-4.641724,-2.407837,-7.427979,-1.973858,-0.3915405,-0.2824497,
1.919556,-1.193237,0.5187988,-1.75539,-0.4023743,-0.2776432,
-0.8087158,-4.51355,13.22021,-0.9470177,-0.7969666,-0.5925655,
-2.944946,-4.180908,0.2624512,-0.6339455,-1.036682,-0.6402779,
7.568359,-3.75061,-12.28943,0.3025436,-1.065063,-0.4724407,
22.28394,8.117676,-14.34631,0,0,0,
-18.573,-10.5011,10.08301,0.9712219,-0.9713745,-0.2556705,
16.35742,6.555176,-11.35254,0.8758736,-0.1907349,0.1196957,
-1.61438,1.385498,-2.844238,1.116848,0.09643555,-0.3364372,
-0.9216309,-0.4425049,-1.138306,1.371708,0.14328,-0.4479504,
-3.582764,-0.1434326,-3.50647,2.125683,0.2749634,-1.217003,
-1.403809,0.7263184,-1.174927,2.30793,0.3318787,-1.693811,
-3.19519,1.107788,-28.51257,5.244122,0.7270813,-4.268689,
-0.6561279,-1.809692,-18.79272,7.140503,0.929718,-5.915604,
15.39612,-0.692749,-7.406616,5.496826,-0.03356934,-3.745074,
5.401611,-2.618408,1.382446,4.599819,-0.3764343,-2.77761,
-7.208252,6.433105,63.26294,0,0,0,
14.45618,-17.26379,-69.01245,8.197117,-0.3260803,-2.768774,
-5.06897,3.851318,21.88416,5.861607,-0.4455566,-1.699934,
-3.491211,3.488159,12.80823,4.174995,-0.4826355,-1.141033,
-0.8422852,-4.312134,-11.99036,5.760002,-0.8572388,-1.828384,
-15.42664,-21.875,-59.70764,14.22493,-3.529205,-6.467066,
-0.6835938,4.394531,33.13904,11.20537,-2.935028,-5.172939,
-11.52039,11.31897,66.59851,6.833534,-1.908264,-3.018539,
-5.126953,-3.778076,1.599121,7.025337,-2.231293,-2.828715,
-1.016235,-0.5096436,10.88562,6.005764,-2.368774,-1.851668,
-7.620239,-4.608154,6.036377,6.371784,-2.312775,-1.130614,
36.34033,29.29382,-12.2406,0,0,0,
-75.30518,-55.49316,16.70532,10.56047,-3.323669,0.1994681,
-46.59119,-51.3916,-38.74512,10.68579,-3.459625,2.937968,
67.52014,36.61499,17.39197,5.908298,-1.990662,1.470809,
17.17834,16.70532,8.270264,3.613834,-1.34552,0.5799341,
7.345581,5.267334,3.939819,2.798615,-1.143951,0.2600336,
-7.876587,10.4187,-7.626343,2.194901,-1.506195,-0.8206987,
-3.414917,4.25415,-2.893066,1.845703,-1.684418,-1.35498,
-7.211304,2.838135,1.068115,0.6543732,-2.063446,-2.177293,
0.7202148,0.100708,15.42053,0.3582382,-2.201691,-2.413056,
-50.177,-34.4696,27.56958,-1.250763,-5.402374,-6.645555,
97.81189,65.15503,-41.10107,0,0,0,
-126.8066,-102.1576,62.854,-3.759689,-7.709656,-9.954288,
83.05359,67.63611,-33.14209,-3.396034,-3.220978,-4.651626,
9.188843,8.581543,-0.9460449,-3.732777,-3.18924,-4.398867,
1.18103,2.301025,3.656006,-4.57943,-3.648071,-4.8853,
-12.08496,-9.213257,14.50806,-6.592159,-4.993134,3593.212,
-7.290649,-1.635742,16.8457,-8.498783,-5.987549,-8.406982,
-13.11646,-17.65442,30.74951,-12.23433,-7.453613,-11.51764,
-25.75989,-38.81531,61.75842,-20.04173,-10.15396,-17.75452,
33.3313,20.80078,-42.29736,-15.12865,-6.412811,-12.59521,
38.59253,35.52551,-42.67883,-8.894596,-2.626801,-7.35199,
19.7113,34.63135,-71.30737,0,0,0,
-14.44397,-34.97925,93.64929,-11.77692,-2.966614,-8.782349,
10.88867,19.64417,-45.23315,-6.203613,-1.279602,-4.239197,
5.718994,9.991455,-27.33154,-2.975311,-0.1869202,-1.560974,
0.2227783,-1.382446,4.244995,-3.577652,-0.2233887,-1.905823,
7.937622,-1.156616,-25.6958,-1.432762,0.3453064,0.1901245,
3.308105,-0.6713867,-9.512329,-0.6258392,0.5715942,0.9558105,
1.593018,9.988403,-23.6908,3.942833,1.477051,2.405396,
-0.4455566,0.3356934,-1.464844,4.262962,1.580811,2.384033,
-2.67334,4.742432,-14.00146,7.14386,2.387543,2.264099,
-12.10632,-6.512451,49.03564,0,0,0,
15.64941,14.53857,-81.87256,12.30701,4.429016,3.883972,
-7.116699,-2.441406,23.88611,8.864994,3.393097,2.857666,
-5.917358,15.1001,-26.69373,11.90126,4.422913,4.922485,
2.798462,34.24683,-129.8187,28.41305,11.54709,13.54736,
-3.741455,-35.27527,150.4517,7.19532,3.090973,4.616089,
1.757813,8.712769,-20.68481,9.10305,4.132996,6.29364,
4.84314,7.962036,-1.419067,8.617039,4.326782,6.768494,
6.097412,8.108521,-2.27356,8.193913,4.559479,7.278137,
5.938721,1.062012,-0.6103516,7.893982,4.321136,6.729736,
2.767944,-4.525757,6.271362,7.069969,3.845825,5.860291,
-23.07739,-47.4884,82.76367,0,0,0,
77.22168,80.79529,-133.609,11.10989,7.918243,-3589.315,
-24.81384,-49.62769,74.66125,4.545135,3.151855,4.813815,
-24.28894,-23.55957,49.60632,0.5881119,-0.08636475,0.8366555,
9.863281,1.626587,-2.157593,0.6584167,-0.1075745,1.070252,
31.72913,29.77905,21.5332,-3.125381,-0.2372742,2.234484,
-11.76147,-4.13208,-0.668335,-2.981987,-0.2922058,1.709043,
3.411865,26.4679,3.857422,-5.02964,-0.7054138,1.290721,
21.22803,29.35791,19.25354,-8.114243,-0.5064392,1.459347,
67.82837,80.38635,68.11523,-16.85059,0.1582336,1.672345,
-59.17358,-89.77051,-30.24597,-9.74432,0.3623962,0.9559929,
-91.24451,-81.32324,-70.34607,0,0,0,
79.53796,63.11035,85.64148,-11.09571,1.636505,1.29953,
-35.99854,-34.11255,-43.21594,-6.597767,2.102356,2.02505,
-12.77466,-10.38513,-5.657959,-4.453583,1.386108,1.326256,
7.440186,3.082275,4.644775,-5.366402,1.82785,2.08427,
0.7629395,-0.9552002,-0.7568359,-5.399399,1.855469,2.211192,
30.77393,18.64319,-7.000732,-8.821602,4.68689,5.661652,
15.0116,2.069092,0.1098633,-10.28589,5.816803,7.072403,
-46.22803,-19.31152,-16.25977,-5.505505,3.560486,4.286997,
-13.83667,-6.518555,-11.6333,-4.120617,2.927551,3.504496,
-13.57117,-4.022217,-8.874512,-3.110867,2.319794,2.940578,
-11.11755,-11.59973,3.00293,0,0,0,
9.423828,15.07263,-8.270264,-4.45631,3.421631,4.449563,
-10.64758,-6.228638,-0.604248,-2.917442,2.397461,3.213029,
-13.8855,3.289795,10.79102,-4.634228,1.553802,3.64749,
-11.27319,2.359009,4.598999,-7.153778,1.815796,5.352073,
13.62915,-6.344604,6.854248,-4.429131,-0.05599976,2.018094,
12.7533,-8.148193,-13.36975,0,0,0,
-18.72253,11.20605,30.85327,-6.936569,-0.6936646,2.540884,
10.12878,-7.009888,-10.65979,-3.125973,-0.5128479,0.9284687,
-7.196045,-0.6134033,30.67322,-3.941307,-1.006165,0.4403782,
-5.938721,-8.129883,36.98425,-4.31488,-1.523895,-0.391531,
21.72852,4.547119,-87.85095,0,0,0,
-21.61865,0.1708984,100.9857,-9.162922,-2.967834,-3.207369,
11.74316,2.243042,-52.78015,-5.32423,-1.763763,-2.422957,
6.945801,-1.556396,-36.68213,-1.106224,-0.7023621,-1.450162,
2.096558,3.152466,-4.51355,-1.571388,-1.148682,-2.895241,
6.634521,-0.006103516,-22.79968,0.02983093,-0.2438354,-1.380663,
0.4638672,-0.982666,-0.3448486,0.03229141,-0.2507019,-1.415401,
-1.483154,-1.470947,-12.93335,1.241379,-0.08544922,-1.364183,
6.991577,-5.117798,-36.65466,3.776703,-0.1097107,-3.190255,
-3.887939,-7.60498,16.24451,6.379356,0.2059937,-2.842269,
0.4211426,-1.062012,0.7659912,6.306152,0.1994324,-2.772951,
-0.3814697,-3.097534,-7.296753,8.022366,-0.1182556,-2.81642,
-1.904297,0.006103516,4.733276,7.700291,-0.2598572,-2.290983,
-4.406738,6.375122,21.97876,4.350777,0.01190186,-1.043906,
1.931763,-9.750366,-27.81677,8.463936,-0.004577637,-2.00839,
-7.116699,2.441406,9.832764,6.915951,-0.7592773,-2.347393,
0.3723145,-0.4943848,1.339722,6.712227,-0.7669067,-2.288318,
-25.90637,-15.39307,-19.53735,12.91346,-2.128448,-5.133059,
-12.25281,-13.1897,-11.30981,16.61079,-3.063049,-6.947608,
7.96814,11.06567,35.48889,11.89922,-1.747742,-3.969132,
6.207275,8.984375,23.51074,8.454475,-0.8500671,-2.006775,
-4.638672,-2.960205,-6.796265,8.551292,-0.917511,-1.28527,
-1.464844,-1.852417,-2.816772,8.319721,-0.9439087,-0.8391893,
-7.553101,1.446533,-3.442383,7.293777,-0.4870605,-0.02318025,
15.43884,12.18567,12.34131,3.894653,-0.1525879,0.2152431,
-116.9373,-65.25574,-30.47485,14.36424,-1.310272,-0.8877361,
12.88147,-4.992676,31.02112,10.82527,-1.620483,-1.915994,
38.47961,14.17542,-1.580811,7.32029,-1.242523,-2.157013,
26.5564,18.79272,-4.290771,4.257088,-0.8049011,-2.262002,
1.928711,-3.118896,3.851318,4.143066,-0.8914185,-2.433876,
3.256226,2.79541,15.43884,3.566513,-1.016541,-2.776456,
1.99585,-2.697754,2.267456,3.44677,-1.002045,-2.775674,
9.335327,9.790039,6.747437,2.249527,-0.1716614,3598.307,
-29.54102,-30.11475,12.7655,2.316284,-1.249084,-3.526917,
0.6774902,2.911377,14.63013,-0.04032135,-2.933655,-4.827881,
4.577637,-4.58374,1.095581,-0.4713058,-3.341827,-5.159912,
39.13269,44.43359,-2.960205,-2.09362,-4.422302,-5.227966,
3.659058,2.020264,-3.164673,-1.971397,-3.952942,-4.668579,
6.8573,4.669189,15.36255,-3.816452,-5.053558,-6.237488,
-1.18103,-3.143311,2.670288,-4.236221,-5.317535,-6.570435,
1.773071,3.29895,9.896851,-5.565491,-6.017914,-7.803955,
-3.115845,-5.151367,10.73608,-6.978111,-7.010193,-9.193115,
-14.28528,-9.689331,47.24731,-12.50584,-9.524994,-13.66455,
-6.90918,-10.61401,19.08875,-15.45616,-10.30319,-15.27222,
2.508545,0.3326416,5.123901,-16.89386,-8.880615,-13.0838,
27.84119,33.54797,-77.80762,-7.449303,-2.937164,-4.183655,
6.420898,6.008911,-10.18677,-6.481743,-2.390289,-2.487793,
3.00293,2.496338,-3.756714,-6.176033,-2.178192,-1.694641,
4.037476,2.615356,-6.097412,-5.498886,-1.858063,-0.9500122,
9.448242,2.877808,10.43701,-7.334461,-2.3172,0.3823853,
10.2417,7.922363,-22.70508,-4.33794,-1.644897,1.333618,
13.05237,5.615234,-0.4333496,-4.578934,-2.012634,2.40387,
-30.2948,-8.474731,-26.41907,0,0,0,
23.21472,10.59265,-0.8605957,-0.9778214,-0.5812073,1.5979,
-15.81726,-5.130005,-15.24658,1.592579,0.4902649,0.5377197,
-7.434082,-3.549194,-3.900146,2.432747,0.838623,0.2322388,
0.03967285,0.1922607,-3.427124,2.840824,0.9762573,0.2789307,
-1.635742,3.872681,-17.93213,5.168571,2.157135,1.299744,
-0.0579834,0,-0.9063721,5.242138,2.250519,1.447449,
16.38794,39.19373,-86.05652,15.7093,8.834381,10.36652,
2.801514,0.7171631,-10.29663,15.77446,9.783936,11.92749,
-17.49878,-45.88928,138.6261,0,0,0,
16.56189,41.88232,-83.73108,8.319016,5.564117,8.348999,
14.57214,28.76587,-45.30334,11.34739,9.059906,13.58368,
-7.110596,-21.73462,45.05005,6.468201,6.165009,9.2276,
-9.844971,-21.9574,42.16309,2.805557,2.833405,4.26178,
8.416748,13.34534,-23.66943,4.214592,4.445496,6.66626,
21.42639,24.54224,-12.0697,4.392586,5.25116,7.887878,
33.78906,30.09644,-28.50952,5.18959,7.037048,10.53192,
-43.4021,-62.10938,81.61926,1.167145,1.477966,2.37793,
9.16748,3.686523,1.870728,1.059608,1.278687,2.176514,
9.197998,8.813477,9.729004,-0.3082657,0.5258179,1.932373,
-52.77405,-45.33081,12.85095,0,0,0,
58.49609,46.38062,-8.984375,-0.862999,0.2355957,1.864014,
43.65845,24.77417,16.54968,-2.561417,1.348724,4.506226,
9.216309,1.016235,22.3053,-4.734192,2.479095,-3594.107,
-5.114746,-10.03418,7.717896,-5.254059,2.605286,5.818336,
0.01831055,-7.800293,2.685547,-5.411606,2.524872,5.634356,
-35.28748,-11.31592,9.637451,-5.201569,2.532959,3.820614,
-1.922607,-3.890991,-2.789307,-5.111847,2.484131,3.601429,
-5.844116,-1.5625,-23.17505,-4.979515,2.769928,3.321288,
-1.644897,-0.4333496,-0.2288818,-5.097961,2.69455,3.123136,
-61.57532,-37.13379,-23.71826,0,0,0,
67.98401,45.63293,25.72021,-6.188984,3.09082,3.336537,
10.62927,6.799316,-9.655762,-8.831329,4.651794,5.075955,
83.29773,38.67188,41.38184,-20.01598,10.25406,11.20293,
-128.775,-69.14063,-31.79016,-6.938477,2.758942,3.022714,
-8.422852,-6.646729,-5.175781,-5.215664,2.029419,2.220492,
-6.921387,-1.293945,1.574707,-5.523415,1.693878,1.893258,
2.032471,1.766968,5.844116,-6.791611,1.952057,2.201219,
-11.19385,0.3509521,9.024048,-7.552357,1.633301,2.341423,
-4.647827,-3.686523,-3.314209,-6.576977,1.250763,2.014785,
-26.9165,16.8335,39.35547,-13.00934,0.5706787,3.546796,
22.93396,-29.28772,-72.96448,0,0,0,
-24.9115,27.22473,78.59192,-13.96797,0.4129028,3.922253,
1.101685,-13.21106,-49.64294,-6.075954,-0.8261108,0.8754253,
-16.77551,4.144287,9.432983,-8.626785,-1.584167,0.7455301,
10.47668,-8.685303,-19.62891,-4.967842,-1.332397,-0.1308203,
11.14502,-5.606079,5.288696,-2.734184,-1.108398,-0.4270267,
-5.566406,-2.374268,19.03381,-3.245735,-1.696777,-0.8621311,
-2.761841,-3.475952,10.59265,-4.036579,-3.232727,-1.525836,
9.991455,-1.092529,-11.25183,-3.320408,-4.785767,-2.129622,
6.555176,0.2105713,-13.11035,-2.240276,-3.982697,-1.589379,
10.74524,2.865601,-29.30603,0,0,0,
0.1037598,-0.9399414,3.842163,-0.1165962,-2.274475,-0.6652451,
0.4150391,1.107788,-3.808594,0.3338623,-1.578674,-0.5673647,
0.4669189,0.8789063,-2.993774,0.7709122,-1.435699,-0.6367636,
-0.9857178,-1.046753,2.960205,0,0,0,
-2.081299,2.749634,-18.81409,2.476654,-0.5807495,-1.328964,
3.112793,0.9246826,-42.43774,4.434757,0.3434753,-3.079352,
5.532837,-6.536865,-35.47058,6.901817,0.6518555,-4.839101,
-0.2685547,-3.631592,73.49243,3.592854,0.3681946,-1.632161,
0.8789063,-1.132202,-2.697754,4.01556,0.4197693,-1.794081,
13.31482,-1.147461,-7.165527,4.682846,0.446167,-0.7481766,
-20.4895,8.773804,33.09326,0,0,0,
