hips_JNTa_x,hips_JNTa_y,hips_JNTa_z,hips_JNTw_x,hips_JNTw_y,hips_JNTw_z,
693.1458,-13959.42,971.5973,-30.71964,63.91098,-48.9499,
-584.9609,15220.29,-1075.613,-0.986805,0.2362061,-0.5355978,
4.632568,-329.1489,39.63623,-0.8221936,0.04669189,-0.2913284,
-10.09521,17.173,0.4272461,-1.037817,0.0189209,-0.2371693,
-33.36182,475.5249,-59.49402,-1.869955,-0.09094238,-0.08845329,
22.33276,-419.0994,40.89966,-1.724691,-0.1203918,0.3974867,
-6.68335,12.1521,-5.050659,-1.990294,-0.2287292,0.6427622,
-23.98071,403.9978,-66.78162,-5.380341,2.09671,7.30103,
51.94702,-981.8939,142.7032,-1.986489,0.6410217,2.879558,
-92.02271,1360.005,-197.7753,-6.927116,3.995667,11.66276,
13.0249,-713.3224,125.7385,-4.316368,3.123169,8.152137,
-55.5481,14.58893,58.60596,-4.686054,5.154114,8.787127,
-34.77783,-87.82806,41.42456,3595.384,5.045624,8.984175,
163.0371,-853.4302,43.12134,-1.492004,3.071289,2.672548,
58.20313,-140.0391,27.05383,-3.947754,12.50702,5.955706,
-0.5249023,25.2655,2.612305,-5.985107,18.36319,0.01190186,
-8.459473,-15.06958,-6.390381,-4.977112,14.82803,-1.883764,
-11.26099,-26.66931,-2.947998,-0.8807373,3.200836,-1.428757,
12.96387,67.15088,52.55737,-1.434631,6.783142,-5.104799,
-13.79395,-38.66882,-16.42761,-0.02655029,4.765167,-3.718529,
-8.532715,-26.30005,-13.23547,0.8157349,3.277588,-2.665043,
-6.47583,-18.98804,17.01965,2.138672,2.485657,-1.217194,
-7.159424,-24.2981,18.21289,3.672485,1.352234,0.6639862,
-4.199219,-15.62958,3.366089,6.690063,0.6814575,4.31757,
-30.79224,-62.44812,76.94092,-3579.475,-0.5041504,17.91591,
-52.21558,15.77301,52.74963,12.04099,-0.2990723,10.70562,
-52.44751,-4.391479,74.33167,9.119288,-0.2453613,8.372269,
14.77661,4.743958,-40.25269,8.858681,-0.1269531,7.751541,
38.43994,8.833313,-109.4513,8.638458,0.236969,6.369143,
-20.95337,-7.673645,22.58911,10.3057,0.4666138,7.181845,
34.41162,53.27759,-66.91284,6.988778,0.9716797,2.395334,
0.09765625,0.1281738,-0.3753662,6.923466,0.9909058,2.385149,
32.62939,11.14655,-53.59192,6.831341,2.922211,-10.23614,
34.18579,2.438354,-39.82849,5.998487,3.594208,-12.69576,
137.7625,6.187439,-130.8197,-1.382446,3.317108,-8.129482,
13.56201,0.02593994,-16.85486,-1.511669,3.757935,-9.144039,
-3.039551,20.42389,28.00293,-2.595282,4.966583,-6.32266,
13.70239,2.006531,-14.4104,-2.855687,5.583344,-7.080812,
20.52612,21.31348,-16.30554,-3.287439,6.599121,-4.555645,
-11.61499,-0.01220703,11.44714,-3.047228,6.208344,-3.482847,
-41.29639,20.35828,26.46179,-3.420177,5.011292,-1.520748,
-13.52539,-6.011963,14.38293,-3.267956,4.559784,-1.180429,
-6.005859,2.685547,-24.31335,-2.281542,1.343384,-3.33066,
4.675293,10.45532,-40.00854,-1.600528,-1.612854,-5.779262,
-66.58936,-36.8576,96.70105,-1.313987,-1.776886,-7.310472,
-24.51172,-8.218384,18.50891,-1.955209,-2.963715,-12.77806,
-3.796387,-41.13922,21.71936,-2.013102,-1.13739,-12.13283,
0.3417969,-20.42542,8.584595,-2.049117,-0.3041077,-11.9462,
-6.072998,-48.703,-10.96191,-3.965621,2.737579,-19.24179,
-0.3356934,-25.95673,-1.040649,-3.949561,5.046692,3582.715,
0.3967285,14.58435,0.8575439,-2.253175,3.504333,-9.573975,
-7.60498,24.27826,5.993652,-0.6415749,1.992188,-1.600342,
-2.410889,8.964539,-10.60181,-0.4250002,1.034241,-1.433105,
1.037598,29.82483,-5.606079,-0.01538754,-0.6283569,-0.8380127,
-0.01220703,2.949524,-7.528687,-0.01556873,-1.187134,-1.306152,
5.645752,20.37964,-6.933594,-0.01648903,-2.432861,-2.266235,
-3.399658,-2.462769,-35.18982,-0.3767681,-3.467255,-3.808899,
1.135254,3.282166,-94.52515,-1.877842,-5.42572,-8.02124,
2.593994,-13.61237,10.57434,-1.771283,-4.365082,-6.78894,
-21.11206,-14.2868,45.62073,-1.457384,-0.2070618,-2.364502,
15.82642,16.01715,57.58667,-0.7915497,-0.1104736,-1.298523,
-71.09985,-54.98657,-161.8744,-1.535022,0.7991028,-2.246399,
22.99805,24.66736,85.47363,-0.6973648,0.7815552,-0.954895,
-80.94482,-43.17322,-84.06372,0.2540851,0.4040527,-0.3186035,
43.73779,30.22156,81.56738,0.3785086,0.1358032,-0.03509521,
-112.7136,4.309082,-48.89526,3.40656,-0.5578613,2.241211,
-170.3979,-30.34668,-129.4525,6.693802,-1.236267,4.560852,
242.4866,64.72778,284.8358,4.367146,-1.539154,2.442322,
33.6731,8.152771,32.67212,3.881035,-1.483917,2.089539,
44.0918,31.69708,49.59412,3.547378,-1.122742,0.5883789,
0.9338379,15.13519,27.26746,4.265156,-1.251526,0.184021,
49.73755,27.50702,16.1438,3.088002,-1.802063,-1.83075,
24.55444,20.86792,18.25562,2.819099,-2.300262,-3.105774,
144.5618,60.03113,101.9867,2.039294,-5.312347,-9.061584,
31.03638,-24.66736,-28.2959,0.4133511,-4.873047,-8.925476,
2.44751,-1.873779,-19.40308,0.02307892,-4.382172,-7.541504,
43.94531,14.19373,-53.95813,-1.783686,-2.932587,-2.245483,
-3.961182,-29.37164,-7.409668,-1.707807,-1.704102,0.3817749,
-52.02026,-49.59412,-25.32654,-1.28036,-0.1263428,2.965393,
-9.832764,-4.634094,-3.4729,-1.197352,-0.05264282,2.9776,
99.33472,7.893372,48.01331,-1.721129,1.867371,10.1358,
-66.65039,-18.87207,-15.95154,-1.750126,2.176971,9.579468,
32.07397,-5.462646,44.02161,-3.229971,4.388123,15.92651,
67.44385,-0.5889893,49.30115,-4.777408,5.935059,21.91864,
-249.585,-20.34454,-124.646,-2.709675,2.489624,-3590.316,
19.7876,3.330994,34.75342,-4.271331,3.594971,15.30942,
-62.42676,0.2380371,-38.47046,-2.856956,1.450195,11.37991,
1.251221,4.673767,26.0498,-4.098742,2.009583,16.50633,
-28.38745,5.044556,-22.24426,-2.738152,1.374207,13.30555,
2.148438,-1.605225,-4.925537,-2.522643,1.236725,12.38392,
-16.13159,14.6759,17.94739,-2.563133,0.7225037,10.62246,
-26.96533,22.20917,60.79712,-4.125333,0.8932495,16.69911,
52.10571,-29.1626,-89.68201,-1.060946,-0.8065796,-0.4364586,
7.678223,-6.764221,-15.69519,-0.5356503,-1.010132,-2.937546,
-6.030273,-14.10217,20.00427,-0.4252338,-2.49527,-5.797138,
-0.6530762,-12.87231,-13.42468,-0.123353,-2.299042,-4.889622,
-29.23584,-21.86584,40.49988,0.3092504,-4.938965,-5.990486,
-8.929443,-5.865479,-4.177856,0.5902123,-4.858093,-3.608379,
-105.542,-5.232239,74.11804,1.858349,-10.28992,0.8491707,
-108.9172,-15.68909,77.0874,3.161244,-16.1261,5.024185,
10.2478,-6.228638,-16.97998,2.996571,-15.36392,5.265093,
30.67017,-2.328491,-60.64453,2.555289,-12.79556,6.889915,
40.36865,12.64801,-31.05774,2.05488,-10.56152,5.455046,
-50.70801,6.066895,5.847168,2.283585,-14.32953,5.62912,
103.833,22.42126,-63.02185,1.071758,-8.344421,2.610054,
52.10571,15.82642,-43.28613,0.1751184,-6.431427,0.2552414,
30.56641,3.153992,-43.72864,-1.28922,-8.412323,-1.454544,
152.8259,17.63763,-97.3114,-3.885965,-3.034058,-4.608593,
52.66113,7.820129,-46.58203,-5.393195,-3.126221,-5.939016,
-32.03735,4.255676,66.15601,-3.324838,0.847168,-2.483759,
2.410889,-0.8255005,-2.011108,-3.377628,0.9286499,-2.515106,
10.90698,6.09436,-5.935669,-3.994279,3.423157,-3.229351,
28.08838,0.9140015,-21.21887,-4.818877,4.69223,-3.974113,
-98.77319,-18.94226,73.54431,-2.223343,3.018646,-2.855415,
38.87329,4.516602,-32.28149,-3.467066,4.993896,-4.765959,
-14.08691,0.4013062,18.50891,-3.504618,8.873596,-7.543645,
-12.29248,-10.02808,16.00342,-3.513669,11.21521,-9.24376,
-85.08911,-6.190491,56.5094,0,0,0,
7.550049,-6.939697,32.29675,-1.339004,4.474335,-1.976733,
-14.42871,-5.648804,19.31763,-1.128831,3.414764,-0.88346,
-7.635498,-8.973694,39.5874,3598.005,1.305542,-0.4089785,
-2.758789,-4.515076,2.966309,-2.389526,1.130066,-1.342788,
17.27295,26.07727,-94.16809,0,0,0,
-41.09497,-52.78931,186.6577,-7.041626,2.199707,-10.71948,
21.92383,34.92889,-116.687,-4.491272,2.186279,-12.37667,
13.03101,-28.5202,23.24829,-6.19751,3.133087,-17.31698,
14.84375,23.76709,-88.71155,-2.345581,2.993317,-12.92544,
0.6835938,7.281494,-24.10583,-1.287537,2.71637,3588.574,
7.550049,60.12726,-41.61682,1.188049,0.5601501,-7.526245,
-0.9277344,19.60602,-7.650757,1.712952,-0.5018616,-5.954285,
-16.00952,-64.40125,68.86597,0,0,0,
17.46216,130.4947,-94.93103,3.319397,-3.1604,-3.112793,
15.50293,96.38519,-119.6472,6.609802,-5.185547,-3.866577,
-32.96509,-226.8799,214.5782,0,0,0,
70.52612,372.525,-479.6295,11.8219,-4.975891,-7.683411,
-70.52612,-372.525,479.6295,0,0,0,
33.86841,41.71143,-247.9675,-3595.946,4.335175,-4.723816,
-18.16406,-66.55884,134.1614,1.919623,3.139801,-2.098389,
2.301025,-26.34888,-24.96033,2.728601,3.786926,-2.227173,
-7.507324,-62.21619,-19.21692,4.061331,4.373016,-1.798401,
-24.26758,-14.91547,-0.01220703,7.832812,4.09317,-0.07995605,
-17.68799,5.278015,20.93506,9.490883,3.308105,1.225891,
31.45752,123.0499,137.0605,0,0,0,
-20.11719,-82.25555,-15.05127,6.040533,1.286621,1.264648,
20.58716,20.1004,77.44141,6.305451,1.372833,1.634216,
14.49585,61.203,-23.01331,1.966748,0.8256531,0.5059814,
-14.96582,0.9521484,-39.37683,0,0,0,
86.16333,-0.6500244,108.1635,2.742457,3.049622,1.498718,
18.75,2.282715,-21.82617,0.9457922,2.659607,1.758728,
55.51147,4.803467,-14.18152,-0.3533792,1.981506,3.294678,
148.8403,4.498291,66.0614,-0.7122612,3.828125,6.337891,
-82.24487,-16.45203,-77.4231,-0.8623028,2.09198,6.012878,
-21.44775,-7.653809,-22.56775,-0.9279585,1.608887,6.068115,
-16.35742,-13.29651,-32.21436,-0.7468271,0.5879211,6.385498,
-189.2151,26.4679,-6.011963,0,0,0,
309.8633,-51.31073,-13.8855,-1.122112,2.203522,-3588.453,
-193.6829,28.57666,-2.850342,-0.3815222,1.43158,4.801529,
59.75342,-0.8468628,-19.67163,-0.4102421,5.323181,11.24031,
85.28442,-2.653503,-28.34473,-0.5291462,10.88959,20.38576,
-134.0637,18.2373,54.44641,-0.2732706,9.07486,15.83639,
-64.37378,9.997559,26.97449,-0.2347136,8.07785,13.55709,
-36.7981,17.92297,34.64966,-0.490799,8.712616,14.65084,
-25.98267,-19.9234,-51.31836,0,0,0,
16.53442,23.1369,55.86243,-0.7128024,8.339081,13.99169,
-34.52759,11.04126,24.46289,-1.612642,8.971558,14.04093,
-38.72681,4.450989,-3.366089,-4.445777,11.6098,12.41486,
-3.387451,-12.45117,-22.67761,-4.631445,9.387207,7.693834,
37.34741,-18.02979,-46.91772,-1.567643,2.593536,1.056671,
-27.32544,4.663086,-28.85437,-2.697787,2.945709,-2.771006,
8.013916,-5.873108,5.426025,-1.673958,1.526794,-3.337383,
-10.92529,-2.868652,-2.233887,-1.307013,0.630188,-5.655718,
-0.4760742,-4.252625,25.88196,0.2821708,-0.8773804,-4.275522,
1.641846,-1.463318,7.507324,0.7241154,-1.291809,-3.795328,
-66.30859,3.747559,58.79517,3.443313,-3.961487,-1.986599,
-108.5327,-1.24054,89.68506,7.558761,-8.170471,-0.3751469,
49.71924,-8.868408,-35.8429,6.08784,-6.382446,1.334238,
21.55151,-7.76062,-21.51489,5.781169,-5.464478,5.765753,
-59.58252,-7.931519,27.19116,8.11697,-7.421875,8.986187,
50.61035,4.962158,-47.76306,6.383362,-5.525208,8.270445,
19.45801,3.515625,-17.81006,5.889716,-5.292358,7.464848,
24.96338,6.973267,-29.38843,5.533147,-5.518799,6.715994,
3.466797,-0.1098633,-1.263428,5.363083,-5.323792,6.44433,
73.33374,1.965332,-111.5723,7.779517,-10.78918,2.627983,
34.97925,3.979492,16.13159,4.780416,-7.264709,0.6223679,
123.645,17.24854,-15.58533,-0.5093002,-1.962738,-5.743542,
-63.3606,-8.224487,40.41138,-0.248909,-0.8750916,-2.596273,
117.6025,23.47717,-55.13611,-1.813517,-0.04577637,-7.444906,
15.08179,4.754639,-0.881958,-2.348204,0.997467,-7.742739,
-22.87598,3.521729,24.36218,-2.185688,0.8778381,-5.723753,
-3.448486,-1.141357,2.740479,-2.174349,0.8972168,-5.446091,
68.9209,5.297852,-23.82507,-3.806677,-0.3408813,-7.011442,
-16.93726,-15.44037,4.806519,-3.748531,-0.7757568,-6.454811,
-124.4263,-16.4505,38.62,-2.938347,-1.41449,-4.873285,
-55.09033,-5.558777,17.276,-2.64534,-1.770935,-4.273243,
-17.52319,-11.20148,5.078125,-3.112679,-2.303467,-5.222731,
-16.02173,-14.56909,-0.982666,-4.669414,-3.631134,-7.96195,
-2.978516,-30.02625,-3.613281,-7.239404,-4.445953,-11.15104,
2.947998,14.78577,12.56104,-4.256358,-2.188721,-6.141052,
9.136963,-28.70178,-19.46106,-8.906371,-4.770813,-10.44578,
48.71826,-59.38721,-56.57959,-19.24711,-10.44952,-16.53125,
-1.373291,40.09399,28.40881,-9.098873,-6.74469,-5.271831,
-11.79199,27.63977,17.08069,-3.668078,-4.874878,0.4037166,
1.385498,6.970215,-4.272461,-3.273337,-5.035095,0.7717013,
25.07935,37.20093,-35.80627,-2.019233,-7.589111,2.95517,
-27.22168,15.17334,26.00708,-0.9298808,-5.166473,1.64093,
-1.849365,67.42401,-18.42651,0.8096316,-7.095337,0.3951693,
3.942871,79.92249,-36.06262,1.8396,-7.865143,-2.51121,
-17.34009,119.191,-17.66357,3.268863,-4.384155,-8.844177,
-2.856445,-21.92688,9.094238,3.079058,-4.086761,-8.283898,
-8.874512,-104.9438,50.01221,1.122747,1.313934,-6.522206,
6.933594,52.62146,-38.30872,1.559803,2.727051,-9.855971,
-13.41553,-172.8973,64.98718,0.2877247,1.823578,-3.000299,
18.34106,49.54834,-100.7965,1.079767,6.039581,3590.079,
-4.321289,-84.53369,14.85901,0.8040214,3.454895,-6.431885,
4.760742,-14.49585,-18.34106,0.9814668,3.630371,-6.938477,
-25.94604,-234.14,-315.7043,3.737303,7.380219,-14.83276,
-6.567383,98.12012,202.2736,2.34879,3.80127,-7.781372,
-12.21313,5.673218,18.50586,2.601616,3.307648,-6.88324,
-97.63794,-91.31622,-72.97058,5.615916,2.902527,-6.653748,
38.8855,156.7749,184.4238,4.192405,1.345825,-2.827454,
8.685303,27.34833,32.42493,3.845916,1.062622,-2.127991,
14.25171,30.67627,53.7384,3.8028,0.9281921,-1.191101,
15.00244,26.09253,44.2749,3.460469,0.7649231,-0.3948975,
44.9707,24.33777,146.524,8.043633,0.4586792,1.055603,
72.63184,21.60645,70.25452,5.662246,-0.6835938,2.218933,
28.26538,1.605225,-26.80359,3.605952,-0.2728271,2.613525,
25.90942,-2.56958,-58.29773,0.3953266,0.2861023,2.887878,
12.90283,-4.971313,-12.19482,-0.03387928,0.5497742,3.251648,
56.46362,-10.70557,-21.2677,-1.345797,1.343536,4.716492,
-64.00757,-15.66467,-38.14697,-1.087699,1.360626,3.762207,
2.606201,-24.3866,-19.80591,-1.604638,2.618408,5.379944,
88.5498,-12.41913,17.10205,-3.083415,5.807953,12.81372,
-20.02563,2.983093,-22.99194,-4.137959,9.338531,-3577.446,
49.26758,-13.7619,11.21521,-5.479469,11.94336,29.17381,
-171.0815,20.81451,4.510498,-3.351979,8.986511,24.81019,
-18.78662,4.681396,-4.257202,-2.912097,7.677612,21.16785,
-30.93262,16.81824,8.197021,-2.55466,7.479553,19.41132,
-0.7995605,-1.654053,-0.6072998,-2.566307,7.237091,18.95314,
2.972412,15.56091,6.137085,-2.251892,7.302551,14.39056,
14.31885,8.709717,20.05615,-2.975357,9.541626,17.85655,
-23.69995,11.06262,-0.2746582,-3.288188,12.07489,5.762348,
7.781982,18.90564,42.77649,-5.224118,18.07846,5.182266,
-19.77539,-10.95886,-82.89795,-1.960851,6.429443,-2.185097,
2.484131,13.97095,-5.374146,-1.94048,6.174927,-4.995089,
-13.69019,-11.66382,-21.91467,-1.008409,2.969055,-2.241192,
-2.91748,-2.558899,-4.681396,-0.8241987,2.320557,-1.685209,
2.935791,12.34741,9.32312,-0.6237626,1.860657,-0.6818581,
-1.916504,-23.03009,-1.657104,-0.02842307,0.2593994,0.6913853,
-4.260254,-13.04016,28.52783,1.220641,-1.720581,0.4284954,
-7.427979,-22.93396,73.26965,4.178636,-6.395264,-0.0329113,
-9.692383,-28.98102,17.37671,4.913883,-7.290955,-1.732817,
-5.609131,-16.30554,-40.2832,3.55365,-5.024414,-2.943487,
-27.80151,-50.5661,56.92749,5.939405,-8.085022,-4.454517,
-2.508545,6.468201,-36.15112,4.741626,-6.134338,-3.129463,
-9.173584,-7.025146,7.138062,5.161381,-6.538239,-2.902584,
-60.00366,-41.64734,38.99231,8.025002,-8.935394,-0.878849,
4.56543,38.04321,-35.75745,7.446594,-7.083282,1.857843,
-57.8186,23.27728,-8.47168,10.63488,-7.056427,9.424477,
8.587646,-2.026367,-8.31604,10.11928,-6.676636,8.950167,
122.2107,57.78198,-99.19128,3.169928,-1.329956,4.090481,
-26.47705,-21.6095,-40.625,6.24527,-1.072998,10.56865,
70.21484,59.06525,-5.279541,1.147404,-0.1419067,1.660881,
0.5493164,14.95361,-48.55957,2.589216,-0.2426147,3.788605,
55.96924,0.970459,12.28943,-0.03940582,0.7470703,-1.594238,
0.7324219,-1.052856,2.511597,-0.1754284,0.8145142,-1.797581,
94.18945,13.28888,-45.89233,-2.637053,1.784821,-14.81992,
40.53955,4.882813,-28.67737,-3.540878,2.312164,-19.56452,
-132.9407,-26.49536,112.6099,-1.153498,0.7972717,-5.56571,
89.54468,32.16858,-38.05237,-2.970762,2.108612,-13.53436,
9.967041,-0.189209,-10.61096,-3.380871,0.9393311,-11.66005,
-47.90039,-17.4118,22.17407,-2.455535,0.0793457,-6.955891,
10.83984,-7.052612,12.2345,-2.821946,-0.7493591,-2.357635,
32.75757,-0.5081177,-1.904297,-3.66025,-1.440735,-0.0164032,
4.498291,-7.661438,46.72241,-5.947189,-3.404083,7.066212,
75.10986,-7.850647,47.43347,-11.00295,-6.951599,17.47773,
-106.2195,-16.06903,23.05603,-7.86212,-4.868927,9.691801,
-95.35522,-7.878113,37.08801,-5.590739,-3.195953,1.771469,
-9.710693,-10.24017,17.34009,-6.066816,-3.009796,-0.4795742,
-39.47754,-18.7439,9.613037,-5.027549,-1.099548,-8.067913,
3.082275,-3.356934,8.370972,-5.263591,-1.142731,-8.453131,
-22.27783,17.16309,30.62134,-5.509815,0.4049683,-21.22958,
11.49902,20.12024,-72.57996,-3.599677,0.2548218,-15.49234,
-10.21729,38.7146,-56.61621,-3.598238,0.08880615,-21.60591,
-2.355957,-12.5,-5.584717,-3.530841,0.07385254,-21.33211,
49.18213,59.7229,-109.0942,-0.8403492,-2.447052,-2.359903,
5.218506,27.17438,-31.34155,-1.17,-3.487396,-3.093596,
19.11621,-25.89874,-5.804443,-1.016051,-3.861084,-0.2364802,
-18.7439,-40.45258,56.65283,-0.4995909,-1.876526,-0.1110148,
20.91064,5.265808,-109.9579,-1.359102,-5.961304,-1.310287,
-24.32251,-39.00604,91.76941,-0.5800685,-2.649841,-0.7624435,
-12.06055,-55.44891,-113.5468,0.0762096,-2.483826,-5.075247,
-13.90381,-47.97974,-53.17383,0.8075961,-1.191406,-7.804259,
-23.18726,-3.627014,74.44153,1.499166,0.5755615,-5.314345,
-54.1687,-69.38477,-11.66382,3.573276,3.391418,-5.618271,
19.20776,97.68829,71.42334,2.817445,2.955627,3597.024,
-8.251953,10.5011,0.8575439,3.115419,3.32489,-2.812195,
-40.55176,-5.992126,-35.58655,4.678943,4.129486,-3.901062,
15.71655,30.4657,32.36694,3.998047,2.887726,-3.100586,
20.74585,21.26312,37.81738,4.547279,1.482086,-3.807068,
-20.55664,14.35547,5.679321,7.657437,0.6484985,-6.731262,
86.96899,13.68866,63.33618,3.659251,-0.7521057,-3.633118,
64.08691,13.33771,50.0061,1.588027,-2.035828,-2.277527,
5.36499,-1.63269,-1.312256,1.003866,-1.808472,-1.564941,
70.89844,16.6626,45.07141,0.1878548,-2.915497,-0.8666992,
-5.706787,-2.200317,-5.862427,0.08523464,-2.709351,-0.6185913,
69.14063,15.32745,23.94409,-1.386399,-3.122253,2.256775,
-57.33643,-15.99426,-35.88257,-0.9578753,-2.143402,1.627808,
278.1311,22.11304,121.8536,-6.251225,-2.306061,16.68213,
-147.0764,-22.57233,-80.86548,-3.850877,-1.314545,-3589.362,
-161.4624,-10.58044,-70.38269,-2.233231,1.803589,6.955067,
36.34644,6.956482,17.35535,-3.068557,2.489014,9.534723,
-77.83813,-18.11066,-25.37842,-1.6641,2.878113,5.762935,
-0.5065918,-0.970459,0.378418,-1.695385,2.87384,5.769544,
26.25122,5.462646,28.95508,-1.827823,5.819702,8.870149,
-37.3291,-8.180237,-25.74158,-0.8822417,3.783875,5.167637,
13.39111,27.51465,27.95715,1.258131,10.57053,16.16402,
-22.34497,-14.21967,-21.22192,1.128833,8.130798,12.55879,
-14.03809,-0.3509521,-35.77881,1.474285,5.345917,9.804096,
2.227783,-1.409912,-18.22815,1.852748,4.89151,10.08471,
-9.112549,-1.325989,-17.34924,1.294394,3.43399,7.283058,
-4.296875,0.3387451,-1.953125,1.123583,3.026428,6.518574,
-18.45093,4.852295,-16.99829,1.25205,3.500671,7.177858,
-14.95972,-8.459473,4.342651,0.7696915,2.173157,4.173422,
-15.88135,-0.8270264,4.51355,1.945915,0.4971313,1.24321,
1.898193,-10.94971,17.15698,2.085664,-1.199036,-1.883125,
-7.354736,-1.768494,13.81836,2.154796,-2.056427,-2.067509,
-26.78223,5.813599,46.55457,2.676191,-5.166168,-3.211861,
-24.8291,-3.126526,27.6947,3.788939,-7.689819,-3.093185,
6.92749,-6.958008,15.30457,3.691144,-7.919312,-0.5670166,
8.203125,-1.629639,-8.050537,3.333554,-7.232056,-0.4092884,
-86.00464,-30.21851,92.82227,6.532178,-13.59436,5.591345,
49.40186,10.32257,-54.3396,4.554925,-9.144287,4.157696,
-292.7368,-35.95886,246.8109,15.83772,-21.88477,25.04362,
150.6042,10.82001,-143.4845,10.16343,-13.34747,15.39745,
91.04614,-31.3446,-108.7799,6.672564,-3.773193,8.65099,
39.07471,11.62415,-28.34778,5.054464,-2.642517,6.445045,
53.06396,29.01611,-40.5304,3.177109,-0.423584,1.494789,
-24.66431,-13.41553,14.30969,4.128027,-0.2584839,1.661148,
76.40991,52.89001,-51.40686,0.2865982,1.509705,-3.579044,
-1.464844,-0.050354,0.3540039,0.264473,1.701508,-3.813858,
125.5676,46.25092,-47.31445,-5.746231,4.274445,-12.66178,
30.43213,7.492065,-14.99939,-7.442989,5.405731,-15.79142,
53.65601,13.51776,-19.12231,-8.366995,7.606964,-14.55593,
-66.3208,-25.99335,27.47498,-4.69842,4.860687,-7.067757,
-15.50293,-1.303101,-6.570435,-4.100428,4.644623,-6.202793,
37.40234,15.12451,-33.22754,-5.529137,6.704102,-8.426275,
-35.35767,-18.22815,21.57593,-3.588352,5.114136,-5.501356,
27.94189,6.764221,-16.75415,-4.111362,6.59256,-6.318007,
-92.40112,-30.58014,54.78821,-1.40882,2.060394,-2.089443,
93.99414,17.63458,-96.62476,-8.718605,6.403351,-10.09688,
-73.06519,-20.59784,74.70703,-5.901313,1.94809,-5.381494,
-46.47217,-6.188965,45.94727,-3.453965,-1.106873,-1.725426,
-3.771973,-2.01416,3.497314,-4.29858,-1.808929,-1.77022,
-11.91406,-2.886963,7.800293,-4.12174,-2.395172,-1.083527,
16.60767,-6.089783,1.803589,-5.377941,-3.694153,-1.209173,
13.12256,-3.062439,-0.9552002,-3.432207,-3.176575,-0.5208683,
1.721191,-4.03595,-0.8422852,-3.537056,-3.252563,-0.4976463,
137.8845,-48.2132,-26.98059,-7.476664,-8.259888,-2.057791,
-64.59961,7.707214,1.583862,-4.733316,-5.197449,-1.231489,
-43.42041,40.62042,-6.045532,-1.765864,-3.174438,-1.32062,
8.337402,-1.832581,-6.40564,-2.073511,-3.955383,-1.713037,
-42.50488,17.61017,4.388428,-1.122995,-3.178711,-1.809607,
0.8056641,-0.5889893,-1.013184,-1.159588,-3.298798,-1.866965,
-14.00146,20.46814,-1.950073,-0.6586757,-3.324738,-2.665257,
6.323242,17.29889,-18.57605,-0.9627902,-5.462646,-4.560289,
-11.55396,21.55151,-90.16418,-0.3227575,-5.639954,-10.82307,
0.390625,-4.780579,-18.54553,-0.3111055,-6.022949,-12.02627,
14.67285,-19.93103,-6.549072,3599.666,-2.366028,-9.327899,
5.651855,-10.98785,9.460449,-0.2807617,-0.4425049,-7.31586,
-8.929443,-33.58765,-63.22327,-0.6085205,1.331177,-7.716008,
-10.25391,-10.72083,50.32959,-0.4663086,1.60141,3594.904,
-25.97656,-32.39136,1.559448,-0.5041504,2.156525,-3.74176,
-37.24976,-58.6441,-63.8031,-0.7034302,3.676453,-3.803101,
-25.16479,-5.558777,55.25208,0.09155273,4.087219,-1.824036,
-82.33032,-94.21234,-83.67615,0.9625244,7.568207,-1.480103,
77.35596,108.5342,159.8602,1.165161,3.668823,-0.2783203,
40.06958,60.53925,106.1127,-3598.439,1.566772,0.6451416,
23.6084,23.04688,-5.728149,0.6877279,0.6983948,0.2880859,
16.00342,24.4751,98.53516,3.33487,2.975616,2.0578,
32.91016,30.48401,-5.355835,2.056196,2.049408,1.69281,
11.48682,6.939697,-17.51099,0.9399748,1.468506,1.335144,
15.06348,15.84473,30.13,1.284495,2.056274,1.838989,
106.7322,44.89746,128.6621,0.1338762,1.527557,5.678711,
-5.047607,-6.018066,-16.97083,-0.08051932,1.085663,-3594.396,
-158.6487,-98.48633,-221.9788,0,0,0,
61.12061,56.38733,74.34387,-0.3919065,-0.8764648,2.658113,
-16.77246,-15.12604,-15.22827,-0.07927775,-1.390686,1.751818,
-32.06177,-24.98322,-21.88416,0.4500318,-2.259674,0.2154809,
26.47705,-7.975769,-3.778076,0.8461338,-1.032257,-1.454737,
18.0542,-6.547546,-2.276611,1.143399,-0.144043,-2.674457,
-56.81763,-1.754761,-31.17676,0,0,0,
265.9668,5.194092,84.52148,2.684805,6.104279,-3.854584,
-162.5488,-5.69458,-46.15173,0.8023059,3.212738,1.494665,
-19.83643,-1.470947,5.245972,0.2308095,3.863831,6.524733,
10.13794,-1.5625,15.51208,0.4255974,4.874268,10.84199,
-36.85913,-1.017761,7.284546,0.7401657,4.545441,16.71289,
-30.75562,1.281738,-1.66626,0.9740627,3.566284,15.97201,
-26.10474,3.269958,-64.74609,0,0,0,
9.368896,-4.345703,91.54358,1.594344,4.244995,22.31723,
-29.71802,10.40649,19.29932,2.722298,1.86142,21.19175,
-8.953857,3.227234,28.63464,3.463974,2.124329,26.40897,
29.30298,-9.288025,-139.4775,0,0,0,
44.94019,25.16479,74.43848,2.716699,-5.938721,3.726025,
-20.40405,-14.80103,-66.65039,0.5269098,-4.037018,-2.809916,
-24.53613,-10.36377,-7.788086,0,0,0,
30.7373,8.92334,4.824829,0.3529572,-6.079102,-4.383411,
0.177002,-4.499817,-6.12793,-0.06659031,-7.545013,-5.602217,
-26.33667,-3.469849,70.08972,-0.134902,-15.64575,-4.075403,
-14.77661,-9.70459,35.40649,-0.3231573,-18.89267,-3.256025,
-69.51904,-4.655457,43.8446,1.621308,-10.02823,2.220411,
-16.54053,-4.704285,9.936523,2.116177,-8.731384,2.804222,
96.25854,18.11066,-157.9742,0,0,0,
-281.5979,-73.54584,365.5396,7.682254,-11.64154,5.169477,
171.4355,30.13763,-235.7361,3.607068,-3.076935,0.8879662,
-51.46484,-22.26715,59.73816,5.317144,-4.479523,1.287632,
-78.09448,-18.82019,97.66846,9.170389,-4.625549,0.8112812,
-34.60693,-10.50415,45.401,11.14459,-4.256134,0.433445,
274.3286,94.99969,-332.6111,0,0,0,
-30.59692,-35.04639,59.28345,1.97175,0.9159851,0.6321621,
38.09204,12.01477,-34.45129,0.758481,2.235107,0.7073689,
127.5879,85.47516,-77.96631,-2.077751,7.193604,0.6122398,
13.56812,9.568787,-15.57922,-2.42209,7.79892,0.0137043,
-148.6511,-72.01233,68.71338,0,0,0,
344.5251,163.3194,-192.8833,-5.653396,16.47354,-2.842207,
-74.98169,-93.01758,55.57861,-3.106537,10.66376,-3.955727,
58.56934,7.69043,-32.47681,-3.755302,12.92603,-4.881077,
-102.1545,-12.6297,89.88342,-1.364465,6.719055,-0.7499027,
-58.09326,-12.22992,38.38806,-0.4770994,3.988037,0.7455349,
-89.05029,-38.11493,45.0592,0.05518436,1.312866,5.929022,
-7.080078,-5.838013,10.43701,-0.03548145,0.7479858,6.575041,
-37.55493,-10.87646,11.34033,-0.2209759,-0.4336548,5.198851,
29.8584,-4.571533,36.01685,-1.133642,-0.8091736,9.162035,
-24.43848,-5.293274,11.80725,-3.175793,-0.1741028,2.478371,
16.25366,-13.76038,14.03503,-4.100428,-0.2140808,3.224916,
-35.57739,-15.87067,-40.51514,-4.391921,0.8183289,-10.07021,
-11.4624,13.62152,-25.91248,-2.56273,0.6323242,-7.747269,
-9.362793,2.185059,-15.30151,-2.392838,1.220856,-10.64966,
0.8544922,-13.16376,-1.147461,-3.274713,1.832581,-15.61116,
-5.761719,20.13092,-18.42041,-1.892545,1.493683,-11.54146,
1.763916,3.364563,2.72522,-1.370621,1.125183,-8.727975,
2.716064,7.221985,-23.28186,-1.659768,1.890869,-9.490452,
0.9216309,-3.645325,-29.92554,-2.512231,3.163757,-14.4347,
-28.49731,27.20184,19.93408,-1.584003,0.9124756,-5.056286,
-7.592773,6.744385,2.679443,-1.469679,0.4602051,-3.261037,
-13.69019,-2.787781,-12.51221,-2.193204,0.3326416,-3.564286,
-20.18433,-2.563477,-19.67163,-3.220487,0.2281189,-4.237447,
9.179688,-10.18066,12.33215,-2.72227,-0.4154968,-2.724895,
-3.326416,-4.138184,-2.95105,-2.84282,-0.6919861,-2.464457,
-106.9763,-4.724121,-105.7465,-5.933187,-3.29422,-5.021813,
0.3967285,-8.761597,-8.157349,3594.655,-4.081116,-4.37114,
-29.44336,-20.67261,-37.87842,-5.228882,-4.883881,-5.307859,
94.92798,2.104187,110.965,-1.281128,-2.589874,-2.878351,
-7.043457,-4.580688,-11.56616,-1.200256,-2.825775,-3.368253,
30.48096,3.684998,20.53833,-0.3982544,-2.302399,-3.328866,
-33.3252,-11.18774,-37.12158,-0.4916382,-3.474426,-4.900623,
48.96851,21.12732,58.49609,-0.1519775,-2.537231,-3.294135,
-2.874756,-1.266479,-3.829956,-0.1727295,-2.698517,3596.508,
42.17529,9.866333,36.44104,-1.166382,-9.317474,-9.638977,
12.95166,2.39563,8.203125,-0.8822632,-6.670685,-6.887207,
64.64233,34.72595,80.43213,-0.892334,-3.027954,-1.947632,
19.03687,10.48889,17.72461,-1.195068,-3.935699,-2.440491,
4.35791,13.85193,5.316162,-0.6176758,-0.8950806,0.809021,
6.054688,3.744507,5.514526,-0.664978,-0.9570313,0.8758545,
2.056885,40.02991,11.56006,-0.2676392,-0.2612305,3.133545,
-4.864502,12.24365,-0.6317139,-0.04455566,0.1161194,4.043884,
10.05859,61.83777,73.73962,1.490784,-0.7609558,9.36554,
-33.20923,-53.57056,-44.64111,1.500549,-0.7452393,-3592.688,
-18.2251,-31.37207,-56.95801,0.7489014,-2.192078,1.791894,
-23.36426,-51.63116,-42.58423,0.1907349,-1.281891,-0.281617,
12.10938,-7.098389,4.318237,-0.2667236,-2.760162,-1.542635,
1.501465,-45.66193,-11.05957,-1.133423,-3.299866,3597.067,
22.75391,-28.34167,-0.4425049,-1.790771,-3.108368,-2.875671,
15.57007,-23.10791,-1.907349,-2.157593,-2.00058,-2.0047,
46.94214,-10.80017,7.952881,-2.015686,-1.16394,2.519226,
112.1338,-38.36365,15.1062,-2.131958,0.1400757,-3588.518,
-116.51,49.84589,2.120972,0.1843262,2.172699,8.646377,
-52.45972,18.42957,11.12671,1.889954,4.307709,9.139792,
-6.82373,3.269958,20.18433,3.122559,6.408539,12.62118,
-49.05396,45.09583,-10.42175,2.984619,5.322418,9.336123,
-3.186035,6.300354,28.31116,4.346619,7.893829,13.335,
-2.783203,11.46545,-17.32788,3.120728,5.708313,9.036398,
0.7141113,-0.3890991,-2.822876,2.899475,5.468597,8.655019,
-12.98828,19.14063,55.60608,-3592.893,9.371643,22.74226,
13.03711,-8.702087,-22.48535,5.748098,7.958984,19.2004,
53.61938,-2.529907,-87.02087,2.182311,2.475281,6.528463,
19.25049,7.116699,0.1953125,3.100308,3.663177,9.037638,
-27.39258,-11.57532,-19.92493,1.952878,3.201447,3.132772,
-1.818848,-1.457214,0.5615234,1.890014,3.104858,3.077021,
-5.908203,0.5081177,-1.126099,2.811738,4.296265,0.2449226,
-15.41748,-6.813049,6.237793,1.864932,2.772827,-0.5530453,
-39.69727,-1.698303,100.7751,7.167916,6.46225,-2.587948,
-4.602051,-5.789185,-10.63843,5.503769,4.611053,-1.922483,
6.286621,-1.905823,-42.41943,2.40134,1.48407,-0.2668953,
-174.6582,-21.51031,164.7156,9.350114,-0.7278442,5.745316,
76.2146,-0.6195068,-84.47266,5.169325,-1.236877,4.163589,
4.443359,-9.242249,-4.803467,4.975381,-1.376648,4.250765,
-48.46191,-39.45923,44.0033,7.014899,-2.615509,5.758619,
45.41016,9.480286,-47.62573,4.971771,-2.26181,3.917656,
-17.76733,-3.033447,8.786011,5.568304,-2.47879,3.355904,
-81.18896,-23.23303,52.55432,8.459659,-3.708649,2.677612,
113.1165,42.73224,-97.80884,3.916416,-1.624908,0.8541489,
63.5376,18.55164,-76.53198,1.012154,0.01419067,-1.437664,
31.52466,24.01733,-9.423828,0.3545094,0.2124023,-1.063538,
38.3667,31.63757,-22.39075,-0.2931595,0.6491089,-1.378193,
24.71313,23.35052,-30.57861,-0.7588863,1.521454,-2.437782,
-2.56958,-3.625488,2.212524,-1.064005,1.897583,-1.985111,
31.7749,19.01703,-32.32422,-1.839447,2.768707,-3.186722,
73.63281,4.940796,-47.35718,-3.701048,3.361206,-5.504618,
88.62305,9.957886,-69.86389,-5.544157,4.998169,-7.818966,
-142.4255,-32.64771,155.658,-2.223678,1.511536,-1.416798,
39.45313,16.46729,-20.20569,-3.121109,1.973572,-1.8396,
-60.5835,-30.80444,38.60474,-2.046652,-0.05355835,0.5760002,
-6.030273,-4.112244,3.201294,-1.904259,-0.08041382,0.5579185,
38.07983,-16.78772,18.93921,-2.495713,-0.5661011,2.066269,
-19.52515,-10.112,9.973145,-1.975451,-0.5873108,1.991987,
23.99902,-18.85986,35.5957,-3.946524,-2.372284,-1.259298,
11.85303,-6.446838,7.53479,-4.512053,-2.833862,-1.750059,
-59.73511,-9.277344,-9.283447,-3.789778,-2.418823,-3.307877,
-33.99658,-9.056091,-8.505249,-3.564959,-2.284851,-4.66898,
-15.36255,0.5157471,-10.28137,-3.177114,-2.745667,-3.716135,
-18.35327,-25.35858,-2.95105,-4.277642,-4.740601,-4.325714,
-13.41553,11.04431,-13.12866,-4.572415,-6.044464,-3.032112,
-3.112793,33.58612,-9.719849,-3.175778,-4.920502,-0.9473705,
-9.698486,22.7417,-52.26746,-5.035677,-11.98181,-1.835356,
-3.173828,17.84821,-26.01318,-4.305224,-13.39676,-1.775169,
-4.302979,30.11475,-1.556396,-3.082892,-10.10406,-3.816757,
-7.275391,99.80316,-18.25256,-1.01668,-5.483246,-9.409542,
22.50366,-37.30469,29.80957,-0.6881928,-2.787323,-8.000021,
29.84009,23.61145,-12.55798,-0.5935049,0.07843018,-11.96342,
10.80322,50.49438,-53.125,-0.8684671,2.130737,-18.04712,
1.525879,-80.01099,36.51123,-0.5927944,4.558258,-12.75098,
-3.686523,-20.02563,-11.59973,-0.3368092,5.362549,-12.06975,
3.704834,-68.70117,-140.6006,0.6467569,13.31024,-14.11496,
16.91284,-14.35852,-46.66443,1.800494,15.01175,-14.92874,
-21.03882,-69.11316,183.5175,2.24715,5.557098,-0.8869147,
-1.617432,3.436279,7.287598,2.187934,5.237427,-0.7968569,
-16.93115,-69.52209,-37.63123,4.382875,4.840393,-1.866506,
-4.412842,27.86255,42.84668,3.446796,3.218384,-1.450671,
-4.272461,-30.91736,12.12158,5.327737,2.530823,-6.038166,
1.544189,41.32385,36.51733,3.801241,1.567688,3595.376,
28.17383,26.69678,74.9939,7.719147,-1.459503,-16.27777,
-3.466797,24.37286,8.09021,5.878458,-1.505432,-13.0191,
17.54761,28.06396,38.82751,3.183341,-1.700134,-5.758667,
36.12061,16.18652,63.86108,2.608619,-2.754974,-2.638855,
14.85596,9.223938,-17.99316,1.449594,-1.988831,2.194519,
50.59204,9.950256,38.39111,1.583142,-2.523193,5.81543,
-18.42651,-4.830933,-46.72546,0.7844687,-1.663361,6.867371,
16.64429,1.213074,0.4089355,0.7018566,-1.672211,8.553467,
150.7019,2.140808,53.17078,0.1525927,-2.443085,14.57367,
14.33716,-9.358215,-23.349,-0.3861809,-1.973114,-3586.626,
-9.997559,-4.664612,-12.07581,-0.7427216,-1.309509,10.97733,
-72.60132,-14.02588,-45.62378,-3.045831,1.209259,1.125691,
-85.33325,-0.2700806,-21.85059,-2.469649,1.253052,0.4536629,
-3.070068,-17.41028,18.50586,-6.011081,4.196014,-0.8970857,
-41.21094,9.594727,-16.25061,-4.75512,3.618469,0.414834,
-13.06763,6.307983,-2.911377,-5.059056,4.299316,2.018502,
35.5835,-4.109192,25.11292,-8.376662,7.614136,7.340257,
-24.06006,9.887695,3.50647,-9.679618,10.22827,19.69455,
30.63354,-3.912354,21.79565,-12.81075,13.66425,27.29546,
-80.15747,1.950073,-78.82385,-2.478974,4.669495,13.7183,
19.94629,-2.682495,4.470825,-3.772571,7.514954,21.77417,
-48.9624,9.161377,-27.01416,-0.9537147,5.468597,12.94712,
0.8666992,0.2807617,-0.2593994,-1.065532,5.562286,13.2421,
3.753662,10.09827,-10.86121,0.2181996,6.02951,7.73139,
-0.9521484,0.453186,0.3845215,0.3099595,5.445251,6.114492,
46.56982,9.390259,-44.08264,4.25077,14.55765,-1.669149,
-8.007813,-8.706665,8.706665,4.467219,12.98813,-5.838223,
-9.527588,-2.325439,39.64539,4.106658,5.693054,-6.00029,
-4.949951,-1.93634,7.373047,3.812947,3.908234,-5.602722,
-10.84595,-3.552246,11.83167,4.175038,2.173462,-3.735437,
3.283691,-2.561951,12.99438,6.436083,1.753235,-3.932858,
-25.09155,-4.293823,9.979248,4.583151,-0.1589966,-0.7967186,
-10.40039,-5.316162,26.23596,6.997139,-1.398621,0.3905964,
-64.44092,-0.3890991,61.27625,8.354354,-4.677124,4.523487,
-59.11255,-4.432678,70.85266,11.65573,-8.089294,8.288193,
-10.19897,-7.096863,-22.43652,9.589911,-7.088623,7.378616,
-84.18579,-23.45428,-3.152466,7.146473,-6.655273,7.680063,
75.41504,6.646729,-52.89001,4.485483,-4.085541,5.141087,
6.933594,-9.951782,-2.526855,3.89967,-3.379974,5.020332,
-57.88574,-25.62408,40.15503,5.461683,-4.728394,6.824341,
90.2771,24.28436,-72.42737,2.85346,-2.470856,3.236523,
-68.42651,-28.83148,48.01636,4.913826,-3.95874,5.261898,
97.85156,48.26508,-60.83679,2.765875,-1.627045,2.319965,
-9.082031,-4.037476,1.028442,3.117685,-2.084045,2.307358,
106.3477,42.9245,-92.89551,-0.5087757,-0.7608032,-1.542416,
0.5432129,-0.1586914,-1.937866,-0.5483913,-0.7739258,-1.624508,
80.29175,59.40094,-58.4137,-2.584505,-0.10849,-3.380604,
-27.50854,-22.67609,26.52588,-1.855021,-0.01037598,-2.363281,
55.12085,9.587097,-15.42053,-2.593679,-0.2851868,-2.09259,
94.88525,33.39539,-54.62952,-4.372234,-0.4876709,-3.207684,
37.69531,-24.74213,-28.40576,-7.11113,-1.665344,0.2123833,
22.85767,-4.22821,-15.80505,-7.991219,-1.895142,0.7250404,
-35.12573,1.574707,51.89209,-7.696776,-2.446289,0.9208298,
-124.2737,-23.92883,84.23767,-4.272933,-1.763916,0.6398392,
5.297852,-6.182861,4.470825,-6.054363,-4.026642,-1.555672,
-54.3335,-20.22095,21.73767,-4.83098,-4.095459,-2.661991,
-15.59448,-21.15479,15.03601,-4.111128,-3.829498,-4.413071,
16.12549,-28.72925,14.77051,-5.669827,-5.677643,-8.88361,
-23.57788,0.06713867,-6.109619,-5.405655,-6.573029,-11.00806,
26.5686,-43.60352,-16.17126,-10.16036,-13.57452,-23.6484,
-30.0354,24.30115,-10.19897,-5.314221,-7.579956,-12.08147,
-17.95654,-18.51807,-25.73242,-3.417518,-7.268829,-8.533144,
-18.09082,29.39758,5.569458,-1.999037,-4.813995,-5.745754,
-15.60669,14.52637,-14.47754,-1.311438,-4.410095,-5.464287,
-16.40015,6.005859,-23.51379,-1.241754,-5.637054,-7.995796,
-23.36426,46.0144,8.203125,0.03882766,-3.966827,-7.711658,
4.25415,-1.651001,7.91626,0.1547849,-3.409729,-7.307878,
-65.83252,89.04419,-99.2981,2.915963,-7.329254,-29.90169,
33.23364,-41.185,54.56848,1.984074,-4.829865,-19.74518,
-0.6591797,7.174683,29.34265,0.8451295,-1.796112,-9.313072,
-31.79932,29.05579,-37.54272,1.251655,-2.563324,3586.581,
65.41748,-68.013,12.12769,0.2657628,-0.3814697,-5.185852,
-14.28833,9.355164,-38.31787,0.4324841,-0.5065918,-7.052307,
25.47607,-59.61761,13.35754,0.001516342,2.10556,-0.9487915,
-14.25171,-10.69946,-67.89856,0.1155019,3.20816,-1.427307,
35.35767,-78.00751,-114.3982,1.435096,9.822083,0.9777832,
-1.660156,-24.94354,-59.52148,2.061558,11.43066,1.167603,
-28.56445,38.9389,213.6871,1.996763,5.455017,-1.091309,
-3.149414,9.632874,39.35547,1.897449,4.359131,-1.347351,
-9.008789,12.44812,-3.808594,2.707114,4.320068,-2.769775,
19.65332,39.57825,57.16553,1.784484,2.212372,-2.117615,
15.19775,14.46228,28.15857,1.632049,1.995544,-1.833801,
18.7561,17.83447,32.94373,1.68772,2.050171,-1.752319,
-2.941895,-2.255249,2.06604,0.5783916,0.7191467,-0.5944824,
98.55957,71.1792,257.9651,-1.042969,0.04974365,3.10791,
-13.66577,-31.46057,-119.3787,-1.02185,0.1239014,2.648315,
37.29858,2.540588,-15.47852,-1.499398,0.3964233,3.668823,
61.87134,10.77881,32.91931,-2.026205,0.2960205,5.127563,
-31.90308,-20.08209,-55.46265,-1.447198,-0.06607056,3.840332,
20.8374,-0.8758545,7.58667,-1.539218,-0.1081848,4.196777,
98.47412,-9.118652,29.35181,-1.908009,-0.2961731,-3594.394,
-67.60254,-11.81335,-43.50891,-1.529644,-0.2386475,4.504259,
233.0994,-18.42346,54.12903,-3.87495,-0.5513,11.3292,
-130.0598,-1.998901,-42.95044,-2.639344,-0.2738953,8.413791,
-202.7405,-12.71057,-61.71875,-1.845356,1.928406,8.021733,
26.89819,-7.061768,11.44409,-2.324435,2.446594,10.31568,
-132.6233,27.98157,-53.85437,0,0,0,
130.072,-36.28845,66.88843,-2.666873,5.452423,24.35147,
-71.38672,29.1748,-36.29761,-0.5643141,3.238678,11.86502,
17.28516,4.846191,8.285522,-0.3797388,4.622955,15.75182,
5.938721,8.494568,2.020264,1.217048,8.472137,24.80433,
2.563477,10.849,-6.872559,3.005919,12.68692,33.82218,
-23.62671,-1.78833,-29.35486,2.023463,6.519775,12.26907,
-60.84595,-15.28778,-4.669189,0,0,0,
64.38599,18.07404,-2.719116,2.198863,5.944214,7.852879,
-40.08789,5.137634,-16.11938,1.848104,5.603027,2.408161,
-3.570557,0.2410889,-3.427124,1.939874,6.114655,1.928005,
-20.72754,-23.45276,22.26563,0,0,0,
4.02832,40.39154,-42.02881,2.786777,9.914398,-1.416492,
-62.10938,-19.29626,42.35229,5.845642,16.65421,-4.784203,
58.08105,-21.09528,-0.3234863,0,0,0,
-90.95459,4.801941,38.5437,3.457422,6.410675,-1.007175,
-30.11475,-2.053833,26.10168,2.992365,3.257141,0.3476334,
-41.38794,-26.70746,47.23816,3.400674,1.459045,2.398911,
-18.12744,-9.873962,16.2323,3.627062,1.044006,2.944565,
-46.72852,-40.13367,50.14954,3.984804,-0.8297729,3.922539,
227.3132,73.96698,-178.2654,0,0,0,
-319.5984,-87.4054,239.1907,5.356169,-2.084656,4.386005,
-451.3977,-99.36829,301.9257,12.55066,-7.547607,7.522297,
655.4321,129.2114,-480.1788,1.999359,-1.917419,0.0762558,
-28.19214,-14.42413,14.8407,2.475348,-2.34375,0.07575989,
102.1423,43.81409,-51.33972,1.978288,-3.190308,-1.187859,
35.80933,16.8869,-20.17822,1.564136,-3.066559,-1.56601,
5.804443,11.2854,-4.260254,0,0,0,
95.16602,44.65942,-83.99353,-0.2953434,-1.972809,-3.723774,
83.07495,14.73389,-61.26404,-1.550617,-1.954651,-7.440014,
223.5535,37.39624,-165.8142,-4.785156,-2.0755,-17.07092,
-104.9744,-14.57367,83.73108,-3.771982,-0.1972961,-12.78454,
-296.8201,-82.21588,227.3407,0,0,0,
311.5906,108.5068,-238.8794,-4.505148,2.498322,-14.35616,
-230.4382,-90.82184,165.152,-1.429844,1.096802,-3.97872,
24.4873,3.634644,-19.51599,-1.842408,1.455688,-5.012512,
47.78442,-7.583618,45.7428,-1.664324,2.212219,-2.142124,
43.21899,-2.708435,29.27551,-2.384658,3.203278,-1.648273,
66.42456,-8.227539,76.80664,-3.647618,4.986115,-0.1339817,
-263.0676,-2.799988,-58.58154,0,0,0,
246.6064,-3.936768,72.63489,-3.913989,5.222473,-0.6153297,
-57.61108,-2.105713,-4.373169,-3.535471,4.476013,-1.020536,
19.89746,-5.589294,-1.818848,-5.836849,6.534424,-0.7528496,
-208.8928,11.63177,-66.44287,0,0,0,
281.9092,-32.09991,53.61328,-12.41021,11.46088,1.312199,
-212.7197,16.97083,-59.42078,-6.255794,4.117279,1.724787,
-69.18945,15.12909,5.807495,0,0,0,
19.0918,-26.43127,-62.71057,-13.24689,4.892731,4.698715,
-12.59155,2.577209,32.724,3590.217,2.855225,2.830429,
-47.26563,11.24573,36.1969,-5.054932,-0.1004028,0.2305412,
-58.77686,18.41431,42.79175,-5.003357,-1.071167,-0.5424023,
46.46606,0.328064,-20.10498,-1.958923,-0.6498718,-0.38311,
-32.70264,19.7876,15.87219,-1.527405,-1.500549,-0.3866005,
-29.95605,13.96484,14.43176,-1.401672,-2.18277,-0.4251289,
23.65112,-7.943726,-69.71741,1.49292,-3.018188,-2.895975,
8.972168,-3.004456,-7.873535,1.907349,-3.25592,-3.342342,
-32.56226,-17.25922,-103.3386,3.212891,-2.148438,-7.633772,
32.42798,-13.26141,-4.925537,2.527771,-0.5886841,-6.6957,
-10.0647,-9.065247,-47.04285,3.214111,-0.1202393,-9.451504,
-40.58228,-16.28723,-98.07129,4.916687,0.4351807,-15.42165,
24.04785,3.192139,63.04932,-3595.955,0.2044678,-11.77171,
-61.52344,-14.51111,-101.7242,6.238917,0.1379395,-17.43898,
-39.77051,-3.320313,7.879639,9.019997,-0.3820801,-16.54856,
-48.62061,-7.058716,-38.50708,11.47786,-0.8483887,-18.52855,
80.22461,17.59644,137.7045,8.46024,-0.6866455,-10.81311,
60.16846,18.00537,160.5896,7.509401,-0.3585815,-1.193634,
73.10791,9.947205,49.04175,4.957318,0.1655579,1.093822,
54.77295,8.712769,53.10059,4.438014,0.7997131,3.901908,
13.98926,7.823181,47.53113,5.956883,1.838531,6.773963,
17.66968,8.19397,18.78967,3.589549,2.836151,7.561741,
0.6286621,-1.017761,-2.523804,3.229432,2.77832,7.200718,
197.7417,43.81409,299.0814,2.276926,9.49295,18.01892,
-74.08447,-23.02094,-135.0159,1.16034,6.368561,11.95252,
-35.57739,-19.3573,-141.1346,-2.137456,2.630615,3.517642,
-10.52246,-2.850342,-11.63025,-1.966753,2.409668,3.211679,
2.435303,-4.948425,-14.90173,-4.456453,2.490845,2.761693,
-39.37988,-6.011963,-39.88342,-3.192687,1.677246,1.796393,
17.58423,-5.830383,-44.02771,-4.274449,2.317505,2.813993,
41.22314,-2.099609,0.994873,-6.163335,3.350525,4.103279,
-18.78662,-11.45782,-165.274,-7.842498,7.29538,13.80859,
57.65381,-11.86676,-78.87878,-12.28522,11.21017,21.55501,
-139.8193,17.37671,140.4358,-2.486477,3.322754,6.370087,
51.67847,-7.765198,-112.5336,-5.603027,8.583679,16.49883,
-65.85693,9.858704,116.9678,-1.989841,3.195801,5.67091,
-15.68604,4.702759,-76.18713,-4.42133,8.654785,12.12497,
-8.587646,5.24292,-4.394531,-4.873617,10.3949,11.11066,
-7.116699,1.216125,68.56079,-2.733091,6.554565,4.76366,
3.222656,-1.724243,9.646606,-2.385624,8.200073,2.845459,
4.730225,0.4226685,-18.2251,-3.203738,17.24731,0.4115105,
-5.157471,-3.427124,43.47534,-0.7793258,7.959595,-0.1135254,
-2.13623,-2.584839,27.36206,0.670623,2.028198,-0.319519,
-22.44873,-0.3753662,-36.79504,3.368689,7.409363,-0.8974266,
7.098389,-1.119995,25.58594,2.683711,2.468262,0.1219368,
-2.496338,-1.66626,-1.376343,2.884231,2.611084,0.1507187,
-80.32227,-2.954102,4.400635,6.050575,0.9854126,0.9003258,
26.61133,2.404785,19.49463,4.499874,0.774231,0.3431892,
-126.0681,17.26685,158.7311,12.07536,2.380066,-2.837257,
60.66895,-6.747437,-48.09265,8.443219,1.743164,-1.984158,
-33.95386,8.642578,61.72791,6.882205,-0.6921387,-2.553864,
60.82153,-5.697632,-58.62427,4.435663,-0.4934692,-1.687775,
17.68188,-1.242065,21.64307,4.268794,-1.091003,0.1608467,
-40.44189,3.483582,58.57849,6.021147,-1.607056,0.3803444,
51.64185,-10.36682,-89.54773,2.925816,-1.276245,3.511429,
-43.55469,0.8880615,49.5575,4.299598,-1.911011,5.356522,
50.15259,1.132202,-108.6731,1.155601,-1.724243,12.54877,
3.363037,-0.3158569,-5.380249,1.014433,-1.668701,12.51833,
30.74341,-3.179932,-97.24731,-1.019015,-1.532898,10.03376,
36.9873,-1.823425,-19.9707,-1.544337,-0.7440186,4.044151,
32.51953,-0.9643555,-69.5282,-3.48681,-1.470032,3.66766,
10.86426,0.328064,23.96851,-3.141909,-1.258545,1.616154,
41.61377,-1.184082,-37.13379,-4.815078,-2.008972,0.5046463,
-5.969238,-0.1358032,44.58313,-3.86229,-1.63269,-0.3472328,
21.74683,-2.883911,-15.71045,-6.552963,-2.463684,-1.971245,
68.47534,-7.420349,-68.03589,-13.78678,-4.723511,-5.687351,
-36.18774,9.87854,113.4705,-8.845489,-3.015747,-4.890804,
-23.32153,7.598877,86.6333,-5.219395,-1.837158,-4.499454,
27.88696,-0.3417969,12.90588,-7.177238,-2.713623,-7.77998,
-58.24585,-3.335571,8.157349,-4.468002,-1.889343,-6.446667,
48.13232,-4.556274,26.8158,-6.304168,-3.022766,-10.43716,
-13.75122,-5.397034,9.417725,3595.917,-2.492981,-8.73312,
0.1586914,-1.367188,0.4150391,-4.082031,-2.519836,-8.724537,
180.8899,-8.8974,106.1096,-8.129883,-10.22522,-23.10845,
-91.88232,3.283691,-51.3916,-5.753784,-6.931458,-15.71321,
-9.70459,-25.88501,-3.738403,-3.137512,-8.228149,-5.884991,
-65.80811,12.62512,-38.30261,-1.85791,-5.431519,-2.993584,
-55.71899,7.791138,-21.05713,-1.209412,-6.875,2.863579,
-6.420898,1.635742,-3.866577,-1.107178,-6.435547,2.874365,
-19.04297,21.89636,4.571533,-0.9405518,-8.318634,7.853918,
-10.7605,4.08783,-26.96838,-0.5041504,-5.443268,5.96014,
4.742432,31.19659,-38.55286,-0.2990723,-8.884888,7.72028,
-17.44385,-14.15863,-7.70874,-0.133667,-6.975098,5.599833,
-18.21899,54.21906,-36.76147,0.6204224,-2.591248,-1.717997,
-0.3601074,-30.71442,26.22681,0.4232788,-0.3503418,-2.140627,
-7.415771,180.0613,-133.3221,2.997131,-0.333252,-12.16091,
12.28638,-106.6666,78.88489,2.048645,0.5133057,-7.214994,
11.74927,8.360291,-30.80444,3.143921,1.08551,-8.451376,
6.640625,-30.41992,10.56213,3.062744,1.192017,-6.972055,
3.546143,-20.55664,-131.3171,7.697449,2.764282,-10.05089,
14.45313,-70.3186,10.10437,7.576904,2.612,-6.751566,
15.82642,-67.13867,-23.80066,-3592.147,2.635803,-6.222687,
-26.74561,-38.68103,138.3179,3.802583,1.225128,-2.279549,
-3.460693,-16.25977,2.89917,3.719274,1.051483,-2.766275,
-13.10425,-50.90332,4.263306,3.564147,0.5792236,-4.317822,
-2.349854,-67.61017,-40.85083,4.961133,0.6866455,-6.34809,
-39.4043,-18.01453,9.017944,5.088129,-0.06912231,-9.299493,
7.904053,77.75116,47.12219,4.4523,-0.4682922,-7.345552,
-1.159668,68.37769,42.42554,6.058135,-1.682129,-7.765746,
-13.80615,-35.69031,-7.852173,8.568239,-2.497406,-9.97726,
12.25586,150.3632,100.0031,2.385626,-0.7203674,3.072865,
-13.58032,12.51831,27.67639,3.458328,-0.9564209,5.153973,
15.93018,54.27551,16.0614,1.728206,0.03646851,7.511873,
0.9277344,-4.260254,-2.957153,1.635866,0.04653931,7.126007,
-5.627441,46.04797,50.9552,1.384315,1.152039,11.92122,
11.74316,-40.12756,-44.73877,0.672636,0.9439087,7.898726,
-3.424072,-4.165649,41.01563,-1.386285,2.892761,6.836653,
-5.859375,9.190369,39.93835,-2.533765,4.139099,7.529383,
12.09106,0.01831055,-51.73645,-3.706188,4.145203,0.8513737,
11.2793,-32.07245,-68.56689,-2.713904,2.532959,-2.317438,
-9.185791,6.356812,12.41455,-4.057946,3.865967,-3.670368,
-1.757813,-14.65302,-11.67603,-3.620353,3.502808,-3.398228,
-9.014893,11.31287,16.69617,-5.914342,6.582336,-2.988863,
8.215332,-25.3479,-29.69971,-3.952038,4.823608,-0.725317,
-9.802246,1.690674,-12.59155,-8.483138,11.93146,12.01823,
4.608154,-16.52069,-24.25537,-7.979406,11.474,16.50715,
2.044678,-7.933044,-9.533691,-6.982009,9.714966,16.20161,
3.100586,-25.59814,-55.33142,-5.708537,7.763367,25.05599,
13.77563,2.507019,7.836914,3595.788,5.306396,18.87266,
13.0188,-0.9872437,-0.5004883,-3.297119,3.782654,15.68089,
0.5126953,-10.92224,-22.75085,-4.893494,5.329285,21.85005,
-13.03711,11.37848,32.9834,-3.209534,3.190613,12.18164,
0.8422852,-6.047058,-3.845215,-4.267883,4.861145,11.12089,
2.148438,6.033325,32.75146,-3.224182,4.937439,-0.6937218,
-0.6530762,-0.6851196,1.477051,-3.185425,4.859314,-0.7178116,
9.362793,2.203369,30.05066,0.489502,2.691345,-8.48938,
-2.960205,4.689026,-1.345825,0.6610107,1.704712,-6.576176,
1.446533,0.9231567,-1.773071,2.229919,0.5718994,-5.083904,
1.367188,-2.59552,1.596069,3.018494,0.4013062,-5.642109,
-2.496338,-0.7827759,-5.426025,5.051575,-1.266479,-2.893791,
-0.9277344,-2.011108,-2.426147,6.634827,-2.316895,-1.51886,
-25.71411,9.136963,23.79761,-3587.873,-5.947571,2.253838,
-2.624512,-3.045654,7.336426,13.72309,-6.627808,2.453671,
-22.14966,-1.428223,30.67932,11.93664,-5.266724,0.9162712,
-19.80591,0.5828857,25.42419,9.723878,-3.83728,-0.5184364,
-17.90161,-3.817749,20.50476,10.1009,-3.786621,-1.650944,
-1.324463,-0.6134033,-1.473999,8.782144,-3.178101,-2.28075,
-14.47144,-6.159973,11.59973,9.219022,-3.49762,-2.269974,
-12.3291,-6.886292,4.904175,8.991232,-3.634949,-2.015648,
-11.90796,-8.657837,17.0166,13.07643,-6.885376,-1.230049,
47.85767,11.62109,-54.56543,10.27902,-6.445313,-0.04096985,
0.1098633,-6.803894,-41.35132,9.41987,-7.237854,0.1336861,
53.46069,12.92877,-90.73792,1.811857,-3.152771,0.4680252,
17.54761,6.060791,-35.34546,1.173077,-4.357605,0.2345467,
34.77173,22.50824,-1.846313,-0.9517765,-3.016968,-0.3560638,
11.88965,20.05157,-32.50427,-2.287016,-3.979797,-0.8300591,
-12.00562,24.42932,25.27771,-3.490934,-2.592468,-1.257133,
14.50806,33.50983,-39.19983,-6.283588,-3.852234,-2.155628,
-46.25244,-86.45172,126.4008,0,0,0,
105.8655,307.2617,-265.0055,-28.13081,-9.63562,-8.796921,
-88.95264,-237.2559,239.1479,-7.40201,-1.565857,-2.47057,
-1.043701,4.740906,10.69031,-8.308821,-1.461487,-2.824764,
-14.94751,-31.8512,13.82751,-9.627557,-1.57074,-3.669338,
-12.20093,-32.64008,11.91711,-9.38098,-1.448212,-3.849335,
3.326416,-49.646,11.65161,-7.933669,-1.478119,-4.449673,
7.952881,39.39056,-22.229,0,0,0,
-6.829834,-54.01917,25.41809,-7.644897,-1.671753,-4.829845,
11.1145,-34.06525,-1.751709,-7.698506,-6.040039,-10.36273,
-4.46167,-3.366089,-5.453491,-5.975194,-5.694885,-9.317923,
0.177002,91.4505,-18.21289,0,0,0,
-17.68799,-141.1072,1.913452,-0.3607756,-7.442017,-9.596682,
3.668213,63.5498,-15.35645,2.016943,-8.118591,-7.972651,
14.01978,77.55737,13.44299,0,0,0,
-42.68188,-35.16541,-22.19543,2.448386,-6.335449,-4.089775,
-1.300049,9.410095,-1.843262,2.890418,-6.247559,-2.651091,
-26.50146,2.383423,-7.473755,6.695759,-10.26428,1.283808,
-10.78491,4.475403,8.795166,5.590255,-7.980042,0.9296894,
81.26831,18.89648,22.71729,0,0,0,
-132.4463,6.097412,-3.933716,4.025755,-3.873444,0.4407978,
8.032227,8.666992,9.567261,3.702931,-3.108521,-1.478062,
124.4141,-14.7644,-5.633545,0,0,0,
-297.9858,58.11157,18.11523,8.388929,-5.415497,-10.49918,
180.835,-36.80267,-34.26208,3.032365,-1.327515,-5.951719,
-105.1392,-14.79492,-166.8304,5.216327,-0.4174805,-11.89877,
222.29,-6.513977,182.9773,0,0,0,
-185.0281,-7.30896,-217.2699,4.655461,0.03585815,-9.450226,
74.50562,-18.47534,-17.32483,2.528229,1.062469,-2.049332,
14.71558,-17.63,-46.2677,3.084216,1.577148,-1.872845,
22.08862,-13.51013,-9.674072,3.28867,1.899872,-1.489506,
-25.50659,-26.95465,-24.47205,3.884492,1.6008,-3.222065,
99.22485,83.87909,315.0085,0,0,0,
-219.6594,-161.3998,-563.5742,10.19772,2.235107,-11.84676,
44.74487,55.96313,194.3634,9.678197,0.9921265,-12.92523,
102.9846,66.65649,255.6366,4.329815,0.06759644,-4.537807,
-0.5065918,9.538269,77.04468,5.175028,-0.5726624,-2.92845,
30.88379,22.0871,30.20935,5.354042,0.03463745,0.07897377,
38.3667,24.19128,33.47473,4.910393,0.7081604,3.333867,
4.382324,7.713318,6.12793,2.857819,0.821228,3.391151,
8.624268,54.36707,65.34424,4.520836,2.410278,9.244986,
-9.014893,-12.04529,2.859497,2.502298,3.276062,7.590494,
-10.05249,27.35291,67.26074,1.740532,6.266785,10.45638,
-3.912354,-18.54858,-36.61804,0.2491665,4.783325,6.05207,
-7.336426,-23.16589,-63.29651,-2.452545,2.330933,-2.079148,
20.49561,-52.70996,-68.8324,0,0,0,
-37.20093,93.07556,121.5302,-10.02178,6.632385,-8.551388,
32.42798,-68.29529,-94.58008,-7.51483,4.584808,-4.416165,
13.64136,-18.53485,-30.08118,-6.616526,4.501801,-1.332388,
-1.043701,-1.470947,-6.887817,-6.706247,4.736328,-0.1639605,
2.209473,-17.74445,-231.192,-23.99917,21.71005,32.16639,
-1.812744,4.223633,91.90369,-15.61644,13.07693,20.05636,
45.59326,11.7218,26.58386,-10.6702,9.504089,22.30519,
-7.275391,-1.751709,18.6615,-9.351788,7.890015,18.81804,
-6.890869,-2.34375,-18.30139,-13.98691,11.72455,24.18711,
-15.93628,0.869751,45.17212,-9.42882,7.572021,15.43129,
3.753662,-0.004577637,34.375,3588.346,10.58472,10.08987,
-6.677246,0.5233765,15.73486,-8.922729,8.062744,6.729221,
-24.79858,-4.60968,38.47656,-11.82343,16.14594,-6.300716,
-10.55298,-1.686096,15.97595,-13.35663,19.75159,-10.59622,
17.41943,-5.487061,-2.34375,-8.227539,17.37732,-11.95259,
7.208252,1.925659,-13.40637,-2.240295,8.735046,-7.293224,
-9.783936,-3.323364,-5.505371,-0.4049683,8.139648,-5.542393,
-8.410645,-5.470276,-3.683472,1.031189,8.98407,-4.972687,
-23.0957,4.370117,6.515503,2.470398,4.644775,-0.6242752,
-30.82886,-6.739807,9.463501,4.671936,4.891357,1.500225,
-3.619385,4.074097,22.49451,9.40155,0.6057739,5.417747,
-8.483887,0.189209,20.89233,13.22327,-1.567383,8.166161,
-36.55396,-2.116394,41.81213,16.45691,-2.796631,9.078674,
10.18066,12.1521,-4.006958,-3590.005,-3.447571,3.825645,
-14.84985,-1.353455,37.92725,12.97716,-4.489441,4.205818,
46.36841,2.081299,-26.51978,9.674546,-3.455505,2.341518,
2.746582,0.1190186,-3.952026,9.11756,-3.21228,2.039642,
-45.88623,-7.720947,90.86914,14.80485,-5.506287,1.642265,
48.87695,6.518555,-68.90869,10.34222,-4.253235,0.5757904,
30.24902,8.477783,30.40771,16.05957,-8.412476,-1.081848,
-9.771729,-0.3845215,33.58765,20.46991,-11.29059,-2.090816,
42.43774,-10.89325,-198.7488,4.745188,-4.704895,-1.039562,
7.897949,-3.399658,-13.47656,6.390228,-6.954346,-1.398754,
31.14624,8.009338,-40.94238,1.995354,-4.734497,0.01945496,
-20.99609,2.680969,32.77283,0.9037209,-2.169189,0.001049042,
118.6462,5.833435,-147.403,1.144228,-9.837036,1.307793,
-48.35205,3.291321,71.01746,-0.6015015,-4.807434,1.168995,
100.2441,-3.321838,-118.7836,-5.914907,-9.497375,-1.25349,
25.01831,-3.390503,-24.60938,-7.866745,-10.49316,-2.089291,
-50.78125,6.185913,91.00647,-6.925573,-7.191467,-5.337372,
-61.02905,2.325439,78.68958,-4.951668,-3.945313,-6.016121,
19.18945,4.330444,5.316162,-7.323928,-5.257568,-10.10265,
-55.06592,-4.356384,48.04077,-5.079408,-3.292236,-7.746696,
37.25586,1.437378,3.790283,-6.920214,-4.501038,-10.43157,
-24.26147,-5.241394,15.98206,-4.609036,-3.021851,-6.875963,
54.87061,3.445435,24.52393,-7.436857,-7.182312,-7.567749,
-25.76904,-4.586792,16.41541,-5.794325,-7.286682,-3.254499,
-3.643799,-6.658936,1.257324,-5.00906,-7.1698,-1.903715,
-7.830811,-5.895996,0.3387451,-1.352811,-6.848297,3.96409,
-41.37573,2.319336,-10.52856,-0.6751251,-4.520111,2.630463,
-16.90063,-4.885864,23.68164,0.07935524,-6.452332,3.762255,
-14.27612,2.090454,-11.17249,0.1424313,-4.717407,2.514181,
-27.94189,-14.78882,45.82214,1.108427,-7.143402,1.439152,
-2.22168,8.699036,-13.85498,0.9890938,-5.374451,0.1136398,
-41.13159,-1.075745,175.1038,3.988476,-13.52402,-8.365641,
11.38916,1.994324,-73.50464,2.68249,-9.444275,-6.039124,
-42.60254,4.075623,-83.09631,1.896901,-4.51355,-6.584082,
-42.42554,-4.049683,42.28821,2.823434,-6.720123,-10.00381,
26.35498,28.17383,-66.68396,1.974797,-4.107819,-7.391987,
-2.270508,-0.9719849,0.994873,1.997061,-4.173737,-7.53026,
-49.87183,28.91083,-29.02527,2.472773,-4.945831,-9.292603,
44.2627,-10.35614,-19.76318,1.64856,-3.274994,-6.226397,
-82.8064,-19.15283,-163.3057,1.876917,-4.365997,-6.817112,
-104.6082,-5.65033,-122.4426,2.611208,-6.531677,-9.760609,
161.792,-25.95367,53.48511,0.442853,-1.0849,-3.605165,
-39.99634,-19.65179,-121.6125,0.1481628,-0.3552246,-4.28225,
77.70386,-8.734131,93.25256,-0.1108646,0.5361938,-4.499407,
-9.515381,-17.12952,-49.33472,-0.2078962,0.904541,-5.889726,
4.699707,6.175232,29.35486,-0.163188,1.091461,-6.441946,
-46.1792,-22.84851,-100.6134,-0.1765156,1.950531,-10.723,
79.88892,44.89899,184.4635,0.8588076,2.728271,-8.209848,
25.28076,15.21759,49.96338,1.718044,3.968201,-9.256339,
28.10059,25.62408,82.97729,2.696309,5.24353,-5.76655,
50.57983,32.78656,153.183,1.965003,3.041382,3.70519,
46.55151,30.73578,101.1658,2.958212,5.283508,8.370058,
-1.275635,-8.430481,-15.84778,1.970329,4.350128,8.761334,
1.965332,0.3738403,5.575562,1.92318,4.502716,9.051497,
61.95679,18.85681,98.90747,1.502695,8.389893,16.89647,
-69.14673,-30.70526,-106.3263,-0.07513046,6.32843,10.80545,
-63.85498,-27.74811,-101.8524,-1.485481,4.451752,5.120869,
55.896,62.30469,285.8368,-6.970162,18.88519,20.5922,
-74.07837,-58.84094,-328.4637,-3.844643,5.547943,0.7510376,
-3.778076,6.488037,16.33911,-5.299129,7.619934,0.9886742,
-33.26416,-14.68201,-22.70203,-5.01215,7.315216,1.286545,
2.545166,-1.794434,-2.587891,-4.667406,6.720123,1.092443,
-0.9399414,2.069092,13.76038,-6.806927,10.13977,5.850229,
10.10132,-4.855347,-12.52441,-5.276761,7.683716,4.924459,
-1.434326,4.724121,3.729248,-9.686623,12.88269,17.42784,
-21.59424,12.86316,37.55188,-21.33725,25.26947,38.84394,
40.66162,-23.0072,-75.97046,-4.40074,4.714355,8.444786,
-5.682373,5.259705,-5.801392,-9.176134,9.391785,18.07978,
6.585693,-3.369141,-17.77344,3592.081,8.016663,13.24989,
5.36499,-4.832458,4.333496,-3.471069,3.528748,5.0387,
-7.250977,0.9292603,-13.14087,-7.3349,8.079529,8.192768,
-13.68408,-3.659058,10.72083,-6.021423,8.407898,1.046543,
-8.740234,-3.981018,14.28528,-5.47821,10.34729,-5.209637,
-12.03003,-5.227661,16.65039,-4.674683,12.53052,-12.37211,
-1.116943,0.6256104,1.77002,-3.460999,10.8551,-10.71671,
-13.83057,6.219482,9.365845,0.9017944,7.015076,-6.560154,
20.47729,0.5081177,-10.49805,1.135864,3.830872,-2.950001,
-22.86987,-2.62146,1.596069,4.118652,3.422546,0.4627037,
16.80908,1.026917,-3.482056,3.237305,1.928711,0.9507751,
-33.77686,-3.668213,14.88037,7.464905,0.1800537,5.313301,
11.30981,2.200317,-3.787231,6.794128,-0.4885864,3.831291,
-118.7683,-0.5615234,44.2688,-3578.202,-5.450439,6.189766,
46.24634,2.252197,-4.782104,16.21232,-3.985596,3.38892,
49.39575,-4.159546,12.58545,9.314544,-3.074341,-2.784977,
-6.097412,-0.03509521,5.673218,9.918089,-3.270874,-3.063965,
-30.3833,-11.65314,85.29968,16.06569,-6.442566,-8.575191,
54.05273,7.579041,-63.35449,9.481936,-4.006653,-5.629101,
-21.55762,-6.178284,29.35181,9.707727,-5.138245,-5.387344,
-42.0166,-8.886719,61.33118,13.41754,-7.501526,-7.61898,
1.861572,21.85059,12.323,12.28134,-10.22888,0.2539063,
-7.836914,1.303101,13.34534,12.70212,-10.99121,0.4847527,
43.31665,0.5310059,-93.59436,8.170967,-9.571228,4.632721,
67.89551,1.905823,-106.6406,2.129602,-4.370422,4.714603,
47.23511,5.502319,-58.49304,0.4755306,-5.297241,5.413094,
16.65039,0.9765625,-13.1134,-0.5727291,-3.563538,3.529816,
24.53003,0.6317139,-38.46741,-2.004395,-3.575134,2.049885,
43.13354,1.066589,-67.70935,-4.392128,-4.028015,0.1564217,
47.83936,-10.11658,-10.86426,-7.086506,-2.835388,-4.542236,
149.8535,-13.44299,-136.2305,-14.63779,-4.001465,-11.39801,
-124.9695,11.24573,151.6235,-8.791132,-1.399231,-6.741657,
-52.53906,10.60944,87.93945,-6.375093,0.4226685,-4.855499,
40.59448,-0.3417969,-19.25964,-9.396124,0.9957886,-6.744528,
-130.2063,-5.082703,70.27588,-2.532296,0.4864502,-1.519222,
129.071,-5.026245,-52.81067,-11.92698,2.403259,-7.022839,
-66.04004,-3.504944,42.58118,-5.376186,1.289063,-2.680912,
16.58936,-2.337646,-4.241943,-6.277852,1.444092,-3.181295,
94.47632,-4.801941,-30.43518,-10.07692,-0.6088257,-5.53091,
-63.5437,-0.6500244,19.01245,-6.990464,-0.3637695,-3.902102,
-11.68823,-3.781128,64.20288,-2.601416,-3.582153,-1.909704,
-44.03076,6.524658,-6.188965,-1.644793,-2.450256,-1.221495,
-39.08081,4.159546,49.28894,-0.9815693,-3.47229,-0.9938908,
24.62158,-5.078125,50.4364,-1.534488,-5.769958,-1.620827,
-42.60254,11.57837,-4.949951,-0.6112027,-3.884888,-1.517372,
-0.6774902,0.03967285,-2.853394,-0.6162524,-3.780212,-1.473942,
-10.79712,14.73694,138.559,-0.9490108,-7.234192,-7.117176,
-7.8125,0.6378174,17.91992,-0.9793019,-7.579041,-8.597126,
-0.08544922,-5.348206,-183.9478,-0.3501487,-2.896118,-4.889946,
-0.4638672,-2.017212,-33.91418,-0.2264023,-2.011719,-4.140253,
-9.387207,6.428528,-27.82898,-0.1080441,-1.460571,-3.040581,
-9.985352,12.2467,-18.91174,-0.02776623,-1.597595,-3.376808,
5.187988,-4.348755,-12.51221,0.1531506,-0.6274414,-1.172857,
1.257324,13.63373,-22.00623,0.4749322,-0.2981567,-0.203619,
9.747314,-15.53345,-29.84314,1.41315,1.096191,1.854868,
15.25269,-0.5889893,-62.51526,3.113165,2.912598,4.604082,
-20.67871,-9.794617,30.9845,2.22084,1.899109,2.376852,
-33.31299,-6.361389,-48.63281,2.963922,2.184448,1.40852,
31.7688,-0.3677368,143.5547,0,0,0,
-113.2324,-33.89893,-278.5034,5.637023,2.798157,0.2971745,
54.01001,12.79755,152.2186,2.551765,1.062012,-0.23283,
-86.05957,-32.89185,-69.97375,3.918805,0.241394,-1.214428,
-37.23145,-14.91394,-45.401,4.842062,0.2151489,-1.57567,
-121.6187,-26.9043,-98.40393,12.38037,-2.591553,-7.441034,
58.47778,13.82904,78.42102,10.69863,-2.653198,-7.026548,
245.6543,81.98242,261.6425,0,0,0,
-77.55737,-42.06543,-36.00159,6.844416,-2.603455,-6.136532,
56.26221,18.94379,30.53284,6.468601,-2.754211,-5.779829,
71.96045,22.3999,40.03296,6.534624,-3.155518,-5.785604,
-50.66528,0.7217407,-34.56421,0,0,0,
116.3574,64.56909,126.1047,9.414921,-5.065308,-5.346804,
-61.24878,-4.190063,-65.79285,3.311052,-1.889954,-0.4228449,
65.28931,195.8282,53.37219,3.765659,-2.41806,6.485257,
6.890869,41.38794,14.77966,3.591452,-2.333832,7.606463,
-91.90674,-56.58569,-76.22681,-1.843681,0.8926392,6.008692,
-20.89233,-18.67676,-10.26001,-2.791634,1.378479,5.110531,
-38.0127,-41.70227,-20.66345,-4.40587,2.194824,3.263788,
-2.69165,-48.10181,4.675293,-5.838194,3.07251,1.55098,
26.2146,-132.5287,-25.98877,0,0,0,
-25.3418,84.48486,27.06299,-6.197586,3.337097,0.1601219,
-23.00415,-361.85,-67.34619,-26.04935,17.67975,7.269754,
37.146,115.8722,11.12366,-9.878421,6.947632,5.645924,
14.95972,-59.21326,-21.7041,-8.694873,6.781006,10.59433,
0.2685547,-12.62207,-16.09192,-10.57356,7.940063,14.44298,
-4.02832,233.3282,66.95557,0,0,0,
3.283691,-170.929,-82.86743,-11.05509,7.997437,19.01577,
-2.697754,50.21973,5.126953,-10.67892,7.180786,18.80659,
-4.534912,27.74048,-16.50085,3586.506,8.437195,24.17513,
-46.50879,101.7303,58.57544,-10.19684,6.641846,8.592815,
-20.98999,2.957153,-9.701538,-14.52881,9.292603,12.12727,
71.44775,-11.71875,45.36743,0,0,0,
-86.37695,56.78711,-5.97229,-5.48645,6.976013,-11.19127,
41.24756,-46.84448,10.49805,-0.7858276,2.582092,-5.758305,
-18.08472,-5.833435,5.050659,-0.1800537,3.122559,-7.848282,
-17.62695,-10.8551,2.377319,1.366577,3.237,-8.650455,
0.769043,-17.30957,0.2960205,3.256226,2.375183,-7.10556,
-86.84692,0.02441406,47.00012,11.35437,0.1742554,-1.416054,
166.9189,24.03107,-59.24988,0,0,0,
-218.5059,-28.9566,90.98511,-3584.004,-0.4818726,0.8377647,
61.04736,14.62708,33.10242,10.96642,-1.233521,4.366341,
10.43701,3.016663,4.449463,10.45711,-1.152954,4.263878,
147.0215,11.31287,-128.537,0,0,0,
-319.0979,-2.54364,392.0227,26.41185,-3.345947,7.254391,
195.9961,-5.410767,-243.3197,9.310803,-1.421204,1.977863,
123.1018,7.954407,-148.703,0,0,0,
-177.8198,-23.48633,235.7971,16.06765,-4.139709,4.306564,
-23.40698,-9.953308,40.5426,19.38774,-5.832214,5.397587,
124.1699,9.072876,-193.9026,8.23164,-3.766479,6.229591,
50.24414,18.83698,-54.11072,4.322262,-2.618408,5.588703,
39.31885,18.95142,-33.02612,1.237593,-1.354065,4.099007,
3.765869,8.963013,-8.837891,0.9282684,-1.487732,4.36676,
14.51416,45.44983,-50.0885,-1.856546,-1.31897,3.075314,
-3.704834,7.324219,2.133179,-2.336559,-1.147461,2.033176,
9.832764,169.4412,-72.07947,-9.555149,-1.481934,-3.227158,
14.36768,107.6416,-56.52466,-14.10904,-1.759033,-5.134945,
-41.02173,-204.4724,123.3429,-6.814642,0.2597046,-3.899574,
-0.970459,-6.616211,4.013062,-6.531262,0.2749634,-3.748589,
-10.4248,4.486084,9.542847,-10.30418,1.575928,-5.835419,
-1.879883,-56.37817,23.66028,-6.983662,1.218567,-3.969154,
-5.731201,-33.88062,7.8125,-7.419758,2.187805,-4.813385,
-3.894043,3.29895,-2.151489,-9.474551,3.063965,-6.369343,
7.983398,-159.6039,16.77856,-12.22743,4.987488,-17.23568,
0.4577637,2.374268,2.139282,-10.207,4.360046,-15.00551,
-2.056885,-34.68323,-2.972412,-4.933856,1.853638,-11.21747,
-5.047607,-94.47327,-6.582642,-4.283904,1.266479,-14.90822,
9.729004,88.36212,1.882935,3598.443,-1.077271,-8.35803,
1.721191,11.47614,0.189209,-1.165466,-1.48407,-7.441664,
-3.424072,-37.35199,-13.67798,-0.5700684,-4.630432,-5.203609,
0.3295898,55.97382,4.196167,0.09246826,-4.498901,-1.122589,
-4.931641,16.87622,5.932617,0.5895996,-7.970581,3.743172,
-10.79712,-20.79468,-0.3967285,2.250061,-21.73859,18.1097,
-7.568359,57.4295,15.56702,-3598.611,-12.62512,9.493237,
-46.22192,33.078,16.53137,1.40672,-10.56915,5.71105,
3.649902,23.96545,4.238892,1.152695,-7.37793,2.008276,
-22.60132,25.3891,11.95374,1.324163,-6.965637,-0.9435177,
-50.88501,13.01727,14.85596,1.987825,-9.232483,-3.182325,
19.76318,-5.99823,-9.70459,1.645058,-5.926056,-4.997482,
66.69312,-18.70117,-20.23621,0.7422978,-2.693024,-2.276735,
-407.3364,52.41699,42.14478,7.244913,-16.38458,-17.23369,
197.6807,-35.79712,-34.24988,4.315293,-8.994751,-9.982538,
67.20581,-15.76233,-86.43188,3.694339,-4.945221,0.7787418,
56.09741,-5.136108,9.963989,2.780535,-3.568573,0.918684,
49.91455,-28.79639,-52.31018,2.512076,-2.168274,4.520559,
-39.00146,-9.750366,-49.30725,3.643811,-3.103027,6.468105,
23.03467,-27.98157,-15.34424,2.413352,-2.010193,4.272175,
2.233887,0.2532959,3.271484,2.390077,-1.988831,4.198294,
-148.999,-80.27344,-322.7386,4.683156,-2.351074,-6.037121,
1.220703,-1.638794,-5.059814,4.359679,-1.982727,-8.82863,
117.1692,13.66882,215.9149,2.740145,-0.5754089,-12.44429,
50.61035,23.47565,99.2981,1.904907,-0.1420593,-11.33707,
48.56567,20.401,43.73474,2.155409,-0.1824951,-11.12203,
21.71021,19.4809,36.55396,1.903148,-0.1826477,-9.249716,
41.65649,41.06598,67.88025,1.530943,-0.4890442,-5.107284,
53.56445,23.80066,40.54871,2.186542,-1.070557,-4.722672,
73.94409,122.6517,87.18872,1.413975,-3.176575,0.3458118,
145.1904,157.9453,126.6235,1.782098,-6.574249,3.976359,
-137.9883,-37.88147,-77.80762,0.4762983,-5.120087,1.587739,
-68.24341,8.213806,-33.31604,-0.3090382,-4.826508,0.2501774,
-20.79468,-13.72986,-3.811646,-0.4282236,-4.950104,-0.2239037,
-63.48877,82.39594,37.69226,-1.362762,-8.764191,-2.934809,
-9.112549,-142.0746,-53.69568,-0.8487797,-5.552216,-1.950302,
-27.4231,-33.8974,29.75464,-1.065731,-7.397308,-2.98655,
3.216553,-33.03223,-10.30884,-0.9280539,-6.509399,-2.139535,
-44.52515,-196.3867,168.8019,-1.430254,-11.28067,5.902987,
22.19849,8.203125,-87.50305,-0.9814024,-7.457581,4.620194,
42.84058,-102.9236,-98.04382,-0.3793621,-0.2398682,9.835577,
-1.043701,-59.08508,30.9906,-0.5474615,-0.1785278,13.15758,
24.46899,79.13513,-50.77209,-0.4817295,2.132721,12.68117,
10.26001,-81.83594,39.03503,-0.7908773,3.278351,19.23556,
-9.960938,155.6915,-61.93237,-0.5961275,3.83728,13.48887,
9.771729,-35.25696,21.67358,-0.9328127,5.530396,19.30984,
-10.99854,99.06616,-25.95825,-1.78544,8.651581,15.78309,
4.064941,2.383423,10.10132,-2.541642,10.8934,19.21223,
-21.31348,13.99231,-43.69507,-1.992378,6.455688,7.018185,
-18.10913,8.398438,-27.88696,-2.443891,6.109161,0.5708122,
2.331543,5.104065,-3.704834,-1.895332,3.609772,-2.137184,
-7.958984,7.86438,-9.338379,-2.670872,4.526062,-4.312325,
-3.253174,-15.84625,15.1947,-1.905401,2.60498,-3.922291,
-4.846191,-5.996704,4.80957,-1.828134,2.175751,-4.280968,
-31.79932,-8.427429,24.50256,-2.531209,1.729431,-8.444233,
4.754639,-2.938843,18.80493,-1.499455,-0.1322937,-7.56794,
-20.60547,2.882385,32.80334,-0.6350493,-1.877594,-7.490082,
13.53149,10.8551,14.03198,1.078715,-3.835144,-2.947903,
40.75317,-0.6134033,-52.67944,0.4014611,-1.443024,-1.099148,
-143.1763,-22.21985,191.3025,3.763788,-9.682007,-3.004093,
71.47217,0.7736206,-96.88416,2.306159,-5.737,-0.8170223,
-13.3606,-15.33813,13.88855,2.833977,-6.903992,0.2741623,
-104.1504,-29.37469,122.8424,5.692477,-13.58719,1.793575,
-21.39282,4.615784,8.612061,6.577625,-14.97314,4.15801,
0.6896973,-7.05719,-3.427124,6.537795,-14.8558,3.970528,
107.1411,-16.03851,-140.3473,3.977852,-8.508911,3.555374,
42.91382,21.97876,-46.53931,2.667074,-5.633545,2.492943,
32.74536,31.87561,-50.25635,1.698861,-3.532715,1.980953,
-7.342529,-2.680969,-0.3295898,1.935115,-4.007874,2.363129,
60.18066,39.73694,-47.82104,1.3274,-2.521667,2.082558,
16.30859,8.340454,-6.280518,0.6167555,-1.06842,1.167355,
125.7141,52.13013,-130.0232,-0.510335,3.423157,-1.719151,
-9.698486,-11.51428,9.936523,-0.7557297,3.855286,-2.198563,
-33.1665,0.7095337,37.78687,-0.6668043,4.334106,-3.090324,
30.85327,30.58624,-26.02844,-1.011119,7.667847,-6.050014,
-54.99878,-41.13922,55.07813,-0.474577,5.205994,-5.170527,
-14.20288,-10.33783,14.35242,-0.364151,4.466858,-4.677382,
6.091309,7.696533,-12.12769,-0.6902218,6.474609,-6.896629,
-28.94897,-14.05792,27.77405,-0.6291771,4.968414,-5.35861,
-14.7583,0.2746582,11.56616,-1.870842,3.961945,-5.531435,
-4.718018,13.30414,-4.568481,-4.686289,5.362396,-9.469681,
-20.78247,-17.82074,21.88721,-3.75771,1.71524,-5.180769,
-14.63623,-7.76062,10.27527,-3.312745,-1.040344,-2.157459,
0.1342773,-1.98822,0.6469727,-3.638248,-1.5625,-2.188683,
0.6530762,-3.015137,4.412842,-5.240092,-3.888855,-2.505016,
8.831787,-6.924438,-1.345825,-3.490891,-2.792053,-1.646919,
12.24365,-9.104919,0.1464844,-4.77144,-5.45929,-2.442808,
2.313232,-2.513123,-0.8575439,-3.784509,-4.44931,-1.901217,
15.93018,-11.10535,8.450317,-5.034733,-9.026031,-3.253584,
7.653809,-15.10162,-5.218506,-6.426291,-11.82739,-3.854094,
-24.32251,51.61285,-17.59949,-1.14455,-4.466858,-0.2990913,
2.44751,11.66992,-9.332275,-1.521461,-5.97702,-0.4206562,
3.466797,38.87024,-7.516479,-1.035997,-4.023285,-0.4934502,
1.025391,5.999756,-3.604126,-1.142889,-4.438782,-0.5358696,
9.429932,152.7481,-73.30627,-1.965485,-8.039398,-3.931532,
-8.355713,-64.00757,31.81152,-1.275218,-5.219727,-3.070345,
6.188965,94.51141,-97.54028,-1.921304,-3.530426,-13.8649,
12.09717,131.7352,-108.9142,-2.748574,-4.5578,-22.99613,
-20.20264,-240.3198,122.876,-0.19256,3.194275,-12.42798,
-6.573486,-73.15063,54.62646,0.3940648,3.946686,-8.052111,
1.403809,-69.10095,-39.3158,1.472135,7.627106,-7.894351,
-2.349854,-53.2959,37.83875,1.648853,6.839905,-4.227569,
-1.348877,-43.58215,5.996704,1.822596,6.096649,0.01908779,
2.276611,-68.10608,-43.10913,2.767315,8.328094,2.819238,
-4.437256,98.23303,96.15479,1.04422,2.688293,1.151774,
13.59253,-593.3533,-343.9697,10.38712,11.866,15.30095,
-12.75024,437.9059,264.8682,3.441422,3.900909,5.060768,
-2.587891,-114.9323,-27.29797,6.774032,2.789612,-0.3165054,
-0.5065918,163.1134,76.43433,3.879004,1.113586,-1.270208,
2.893066,30.83344,-2.807617,5.73586,-0.3036499,-6.541555,
0.3234863,54.0741,36.63635,3.930469,-0.2095032,-5.000198,
9.552002,60.53314,53.00293,4.487171,-0.1832581,-8.858943,
3.045654,25.42572,20.55969,3.280473,-0.1391602,-7.45162,
19.11621,77.23846,77.15149,1.832151,-0.06134033,-8.049843,
13.61694,40.79742,37.51221,2.170897,0.1203918,3589.597,
-23.32764,-0.6362915,-81.22253,-1.041517,1.46698,-0.357666,
6.274414,49.88708,18.05725,-1.567678,2.06543,-0.244751,
-34.51538,-64.76288,-55.39856,-1.396208,1.221161,1.077881,
-0.4150391,51.67999,9.341431,-2.147894,1.828918,-3598.352,
4.284668,-83.47931,-17.12341,-1.879916,1.030884,1.288663,
0.4455566,-8.314514,-2.142334,-1.676311,0.9136963,1.155897,
30.29785,-61.6745,3.240967,-5.607238,1.373138,5.622907,
-3.448486,-29.55627,-2.926636,-4.794354,0.9315491,5.063814,
-4.187012,-9.846497,-3.204346,-1.646938,0.2879333,3.185709,
75.91553,-126.6174,26.01318,-4.219301,0.6530762,12.01973,
-18.85376,60.26611,6.259155,-1.958919,0.5648804,11.16763,
6.506348,-2.532959,6.167603,-1.76013,0.6091309,12.41061,
-12.23145,18.51959,3.161621,-0.8143091,0.8499146,13.16265,
-6.103516,11.02905,2.74353,-0.2096224,1.036224,13.92479,
22.83936,-9.480286,67.83142,2.301815,3.831177,29.07803,
-45.78857,53.84827,-15.43274,3.432944,4.224854,23.99041,
-15.55786,14.52026,-25.89417,2.907417,3.568115,16.8738,
-25.81177,34.82666,-23.72131,3.098826,3.484955,7.094021,
-5.0354,-2.352905,-20.64514,2.284918,2.527008,4.756021,
-17.26074,15.24048,-18.35632,2.949438,2.970886,3.726826,
8.69751,-9.025574,-8.352661,2.11822,2.032776,2.694855,
28.24097,12.01477,-25.67139,3.119011,2.051086,3.720493,
-3.894043,-9.477234,2.06604,2.622976,1.506653,3.113956,
40.48462,5.331421,-37.85095,9.049993,1.18042,9.735909,
-15.95459,-13.42621,12.86926,7.229381,0.6504822,7.535915,
-28.02124,2.69928,43.17017,4.607439,-1.678467,2.362766,
3.149414,4.890442,2.059937,6.311526,-2.348938,3.199234,
-31.32324,-11.69586,33.08411,5.388079,-3.03421,1.471233,
-8.239746,0.3921509,17.58118,7.320089,-4.272156,1.945095,
-24.07837,-36.91406,28.72009,5.216913,-4.802399,0.931282,
-17.5415,-9.355164,30.41687,7.019234,-6.495819,1.201153,
-112.9517,-16.08276,121.5179,8.611155,-9.486084,0.5571556,
-10.34546,-11.78131,10.51331,9.023857,-10.05157,0.463028,
-3.24707,-56.1554,-13.46436,7.951422,-8.58551,-2.324333,
142.5476,72.83325,-177.9633,1.724043,-1.758423,-1.334286,
-110.6262,-110.6903,123.4406,5.660877,-5.89386,-6.447716,
46.02661,19.72504,-53.30505,4.145641,-4.500732,-8.205128,
53.01514,65.56091,-74.70093,1.971273,-2.549438,-6.287746,
10.22339,15.8432,-21.37451,1.41283,-2.164001,-6.681061,
25.89722,17.30652,-28.84827,-0.6040001,-4.806824,-9.392471,
53.79639,50.07935,-39.88037,-2.872963,-4.697876,-5.804977,
11.9812,14.85291,-7.595825,-3.322325,-3.635864,-3.437252,
61.05957,68.74542,-41.62598,-5.76314,-0.5838013,5.088749,
-13.42163,-23.15063,21.89636,-4.594612,0.0003051758,4.32024,
67.83447,33.71124,-16.84875,-6.756029,1.439056,7.211571,
-27.61841,-24.37134,14.28223,-5.345993,1.388855,5.141525,
2.008057,-9.381104,-1.66626,-4.892397,1.84906,3.215981,
64.94141,24.57581,-33.49609,-7.441168,3.090515,3.083782,
21.59424,-36.08551,-3.839111,-8.957033,4.914856,-3.999157,
81.41479,11.13739,-38.93127,-12.64803,6.789246,-6.032181,
-232.2266,-52.44446,120.0317,-4.579678,2.109222,-3.997555,
19.70825,3.517151,-8.325195,-6.224723,2.770996,-5.398903,
-89.71558,-26.5625,25.13428,-4.37356,1.156158,-2.689838,
-2.246094,-2.853394,-5.001831,-6.764359,1.648407,-4.140368,
4.711914,4.736328,7.962036,-4.286156,-1.112823,-1.521883,
-0.1708984,-0.793457,-1.397705,-4.770031,-1.302948,-1.681557,
-4.180908,9.509277,24.46899,-9.060678,-5.431519,-3.719788,
13.48267,-9.597778,-11.60889,-7.570758,-4.900055,-3.137398,
-5.767822,-0.5004883,-6.774902,-4.329462,-3.847504,-2.833214,
-4.858398,-2.410889,-1.986694,-3.153839,-3.419495,-2.691593,
-4.541016,3.433228,3.945923,-3.0426,-3.319397,-3.058434,
-7.562256,5.081177,4.644775,-3.440912,-3.762817,-4.00176,
-8.02002,8.651733,-9.399414,-3.045139,-4.146118,-4.318876,
1.660156,1.296997,-3.231812,-2.102687,-3.29071,-3.400698,
-15.05127,21.62781,-33.14819,-3.399947,-5.90271,-9.776592,
1.190186,7.054138,-22.86987,-3.165901,-5.917358,-12.84095,
10.98633,-2.72522,2.301025,-1.827729,-3.306885,-9.883499,
9.14917,25.59357,-36.42273,0.1294017,0.3378296,-9.988651,
14.4104,-33.68225,23.29102,0.453577,1.688538,-5.982003,
17.21802,-13.56354,-30.27039,1.203412,4.534302,-5.850081,
1.721191,-9.567261,-4.91333,1.341091,4.896545,-5.581026,
22.49146,-73.1369,-67.81921,2.668605,8.701324,-3.895006,
-9.973145,11.43188,38.71155,2.155238,6.764679,-2.809663,
13.81836,-127.5803,-285.0983,7.407926,17.24182,-3.098378,
-44.83032,179.1336,424.5239,0,0,0,
30.60303,-182.2586,-387.0789,7.212799,15.04303,-3.069415,
-41.41846,30.60608,198.2971,4.986751,6.251831,-3.439593,
10.81543,151.6525,188.7817,0,0,0,
-109.1248,-201.004,-349.4019,11.90838,9.545746,-10.40082,
70.77637,187.2055,311.8408,4.5298,1.076813,-3.777199,
38.34839,13.79852,37.56104,0,0,0,
-40.09399,-7.376099,-21.2738,5.597286,0.6390381,-4.200747,
66.88843,49.78638,182.3883,6.269584,-4.229126,0.6221604,
14.61182,3.225708,4.345703,5.507059,-4.146118,1.06463,
86.81641,18.49976,15.25269,0.8685446,-3.273315,4.161351,
8.398438,-5.836487,-21.21582,0.2631569,-3.059998,3.566046,
50.33569,8.178711,14.26697,-0.4883337,-3.621979,3.781033,
-186.9568,-66.47797,-173.764,0,0,0,
293.3044,74.96033,240.2344,-1.690555,-4.210663,3.303385,
-147.0886,-51.6571,-140.2985,-1.185803,-1.842957,1.167674,
165.8875,-22.29767,44.00024,-3.788881,-3.458862,1.529078,
58.06274,-9.828186,25.74768,-4.677639,-3.963318,2.458401,
-185.437,-6.455994,-114.5844,-4.143195,-0.6672668,4.526844,
-9.735107,-0.3250122,-6.930542,-4.90231,-0.1881409,7.181902,
-174.9939,15.60364,-48.16895,0,0,0,
120.1965,-10.52551,25.70496,-5.059586,0.655365,9.862375,
-7.25708,3.341675,14.73389,-5.233097,1.669464,13.90907,
-6.536865,2.670288,10.5072,-5.321755,2.401428,16.8051,
-106.4026,4.51355,-50.94604,0,0,0,
159.8755,11.56921,194.3359,-11.86406,15.74188,59.30466,
-111.9873,-0.541687,-129.4586,-3.883567,6.535034,17.92402,
-21.33789,7.83844,-21.50879,-2.405894,6.258698,9.099617,
-0.4455566,10.92224,-6.054688,-3.527607,9.017181,9.16853,
-23.39478,2.497864,-44.53735,-3.329071,8.848572,2.186527,
8.032227,3.611755,-8.096313,-3.595958,9.711609,-1.984005,
5.108643,-1.959229,-5.2948,-3.38084,9.493713,-5.310593,
-8.972168,-6.271362,-2.450562,-3.002995,11.85425,-11.13913,
-6.878662,-27.66724,23.06519,0,0,0,
0.5249023,22.92328,-28.11584,-2.490904,12.44186,-12.66161,
-74.9939,0.7141113,96.43555,2.725139,3.908539,-1.868172,
0.6347656,-31.97479,-14.05945,2.079178,-0.05584717,0.716362,
-38.96484,-11.62109,25.88806,3.014568,-0.896759,1.594048,
-60.19287,-24.37744,37.97302,4.501119,-1.994171,2.174187,
172.9919,44.33594,-118.1213,0,0,0,
-231.1584,-83.90045,153.8239,6.010574,-3.279419,2.699852,
-90.67383,-42.55219,78.68652,11.52038,-5.057678,0.988636,
-94.97681,-57.60193,75.02136,15.81487,-6.69693,0.7083321,
308.9478,68.3548,-228.3813,6.86945,-2.339325,-0.7260895,
-5.46875,-3.482056,-0.5371094,7.964239,-2.851257,-0.9713936,
113.3301,119.1818,-78.61328,0,0,0,
-75.29907,-57.90558,26.80969,9.50511,-4.244232,-1.817322,
112.7625,86.60736,-50.13428,2.911105,-2.093658,-1.424656,
11.74316,8.679199,-6.994629,3.450842,-2.566986,-1.791973,
140.5518,77.0752,-103.9581,3.456736,-5.06134,-5.811329,
80.51758,32.39746,-60.89783,2.954779,-6.332703,-8.041563,
-82.33643,-16.62598,62.70142,0.4709339,-0.9739685,-2.716112,
-29.88281,-27.67029,22.89429,0.06684303,-0.04135132,-1.38196,
-158.0566,-102.5574,109.5795,0,0,0,
144.635,48.37189,-92.78564,-0.1566029,0.7655334,2.008638,
3.100586,-12.28333,12.57629,-0.2627182,0.8297729,2.745275,
-147.7356,-36.08856,80.20935,0,0,0,
447.5525,53.15857,-113.6993,-3.268757,-2.411194,10.06721,
-261.6821,-45.10803,93.60352,-2.3279,-3.97583,3.113689,
-185.8704,-8.050537,20.09583,0,0,0,
117.1326,-4.156494,14.54468,-2.667446,-5.499878,-4.706955,
-27.89917,-3.681946,8.877563,-2.635889,-5.575256,-6.319065,
-61.37085,-8.950806,61.70349,-4.276185,-9.698181,-12.29535,
-20.69092,6.947327,-49.2157,-2.325182,-4.779816,-5.69684,
-12.96997,-7.345581,2.032471,-3.880835,-6.997223,-7.471838,
-70.67261,21.77429,3.860474,-5.489335,-9.816895,-4.422398,
76.47095,-4.586792,-41.80298,0,0,0,
-184.7656,7.4646,26.35498,-9.350462,-16.73615,-0.5254269,
122.5342,-7.640076,-48.04077,-1.487107,-3.240051,1.743813,
-33.42285,-3.649902,-17.16309,-2.185607,-4.299927,2.120352,
45.07446,3.993225,6.842041,-0.9496975,-0.9051514,-0.01156807,
-51.10474,-4.167175,-32.65686,-1.660562,-1.531982,-1.384068,
21.45996,1.463318,12.04224,-0.8215356,-0.5715942,-4.092083,
3.881836,-1.521301,2.200317,-0.7639647,-0.5633545,-3.890905,
-89.7522,16.03241,-134.1248,-2.042227,0.7202148,-25.18486,
45.44067,-13.1134,48.55042,-1.31741,0.4678345,-17.79299,
44.67163,-7.194519,32.42188,-0.7493639,-0.2456665,-9.889021,
7.598877,-2.7771,10.39734,-0.6501293,-0.1759338,-8.838449,
30.59082,-16.06903,9.423828,-0.4691696,1.324921,-4.132705,
-21.71631,-19.11011,-46.53625,-0.6285381,2.132874,-6.11558,
-27.51465,-14.81934,13.85803,0.2753854,2.836914,-0.1271915,
9.802246,4.348755,7.223511,0.2866173,2.62146,-0.1134872,
-79.32129,-30.63049,-113.0493,2.628112,7.722321,0.7434654,
-38.66577,-15.31982,-52.76794,3.859034,10.12375,1.252437,
26.12915,-3.765869,55.01709,4.274511,8.286133,-2.839408,
82.32422,43.46008,116.4185,2.646604,4.030151,-3.43821,
37.96997,27.31476,48.38562,2.524371,2.346191,-4.822922,
18.54858,13.47046,22.88513,2.188563,1.502686,-4.718244,
16.41846,26.74713,15.75623,2.613149,1.127014,-6.210287,
23.04688,24.13788,23.68774,1.734357,0.2020264,-4.615245,
114.1174,45.5658,99.70093,1.686611,-0.5976868,-2.779102,
28.11279,1.579285,24.72534,1.017175,-0.8943176,-0.5425596,
-10.70557,-3.189087,-15.10925,0.6923532,-0.9109497,0.3430533,
-6.634521,2.839661,-21.10291,-0.01448631,-1.083374,2.622607,
-134.1187,-75.45013,-95.33997,0,0,0,
331.0181,157.8629,201.236,0.06885529,-1.282043,7.095847,
-201.2634,-104.8859,-133.9539,0.06002426,-0.07797241,2.957647,
40.02686,-18.26935,-1.461792,0.3866863,0.7319641,3.423603,
103.064,2.731323,18.85681,0.7699728,1.907196,5.640206,
3.643799,-31.41174,-29.98657,1.023102,3.233948,6.075373,
-9.344482,-2.861023,-2.774048,0.9638357,3.15094,5.882125,
-116.9861,-6.584167,-36.73706,0.003037453,2.267761,4.382777,
57.07397,-4.244995,4.721069,-0.1433372,3.257294,6.513267,
-120.2942,-3.215027,-16.47949,-0.9213972,1.895752,6.353374,
-9.191895,-0.1190186,-0.1037598,-0.8277655,1.704712,5.718207,
20.1355,-5.651855,13.39111,-2.006097,2.161255,10.15828,
-31.67114,3.952026,-3.555298,-1.481457,1.464081,7.319956,
-33.23975,5.625916,4.141235,-1.388845,1.181488,7.571611,
84.06982,-29.87061,80.45959,-6.855121,5.595245,40.05847,
-86.64551,34.77783,-59.95789,-2.063422,2.393951,13.7627,
-6.634521,4.490662,-3.890991,-1.717715,2.161865,11.94481,
-17.50488,5.575562,-12.45117,-1.720343,2.069092,10.04078,
-10.65674,3.898621,-7.040405,-1.80294,2.078552,9.253101,
25.83008,7.626343,-7.235718,-2.92006,2.707672,9.733791,
10.31494,-5.331421,-10.88867,-2.234864,1.687164,4.435806,
16.58325,-6.84967,-12.72583,-2.826695,0.8879089,0.2548218,
59.729,-18.26935,-34.55811,-5.621183,0.0378418,-7.110348,
-45.20264,-2.067566,34.57031,-2.760038,-1.461945,-5.759735,
-35.26001,7.511902,26.93787,-0.5418491,-2.530212,-4.564228,
-13.92212,-2.185059,10.39429,0.03371477,-3.121643,-3.945522,
-34.05762,-3.448486,27.28271,1.502452,-4.62677,-2.427387,
-23.84033,-12.80212,40.75317,3.117723,-7.024689,-2.243099,
-12.56104,-4.005432,8.02002,3.829579,-5.496063,0.5165482,
-18.82324,0.2914429,19.14063,4.983156,-5.902405,1.282444,
-200.7446,-24.30115,220.1935,18.70478,-12.58331,9.499531,
81.06079,-16.24603,-113.3759,13.30643,-8.123474,6.449261,
70.78247,-8.18634,-115.9485,8.98356,-2.589722,3.620167,
49.02344,29.1626,-42.48352,5.438371,-1.540985,2.199383,
-22.58301,-23.94409,26.22375,9.487038,-1.506958,3.279457,
-3.955078,-11.52649,8.630371,12.04374,-1.039886,3.84367,
80.22461,71.66443,-86.97815,3.304348,0.2914429,1.164474,
-28.23486,-14.32037,15.71655,7.52594,0.7318115,2.680511,
43.42651,32.16095,-68.97583,9.276924,3.08136,3.99662,
13.97705,2.609253,11.7218,3.410749,1.524353,1.604023,
29.54102,25.20294,-48.25439,3.115482,2.307587,0.2985764,
22.83325,15.65552,-20.50781,-0.5656242,1.654968,-2.640705,
-20.50171,-25.30518,51.51367,-0.714407,0.8210754,-2.176151,
98.04077,44.47479,-83.52356,-3.089094,2.385254,-8.305321,
3.33252,-18.58826,23.36426,-3.338013,2.625122,-8.725204,
-12.80518,-15.69366,18.42957,-3.075275,2.447205,-7.949104,
27.22168,-3.17688,-7.440186,-4.719801,3.329163,-10.04869,
141.5894,12.30927,-74.50867,-10.54581,7.059631,-20.37556,
-143.7073,-23.6084,100.7324,-6.242094,3.285828,-9.857235,
-53.36914,-3.225708,50.82397,-4.976912,1.431274,-5.067329,
-14.26392,-2.713013,4.104614,-4.688711,1.149597,-4.597321,
-40.21606,-2.944946,10.79407,-5.640154,-0.0592041,-4.218197,
24.23706,5.145264,6.982422,-9.549799,-0.4342651,-7.081604,
-53.76587,-13.33618,3.826904,-2.784929,-0.3662109,-2.040367,
45.23315,11.5036,32.10144,-12.83865,-2.149658,-9.953938,
-27.49023,-2.676392,6.182861,-11.38572,-2.729797,-9.882193,
-0.09155273,-0.6088257,0.09765625,-11.2237,-2.475586,-9.475889,
-13.20801,-4.032898,-14.12048,-3.847208,-0.4144287,-2.979708,
-10.52856,-4.077148,-16.5802,-1.820192,-0.1979065,-1.406536,
26.47705,19.91425,39.56299,-6.246133,-1.049957,-3.893948,
-20.36743,-15.74707,-33.17871,-2.282722,-0.5465698,-1.08737,
1.965332,0.4241943,-8.401489,-1.430979,0.08529663,-0.3939056,
8.770752,-3.439331,0.3967285,-1.678135,0.178833,-0.4137897,
14.55688,-6.890869,-44.07349,-1.15975,-0.4724121,-4.638014,
-0.5737305,-10.78186,-2.209473,-1.148098,-0.5003357,-4.833808,
-30.07202,13.1134,-15.19775,-0.6604004,-1.054688,-4.522653,
-10.20508,10.50262,-34.57642,-0.7491219,-1.951599,-6.837029,
-8.81958,-1.470947,35.40955,-0.6005657,-0.9558105,-4.296756,
-4.351807,3.388977,-21.89331,-0.9555411,-1.292114,-6.365757,
10.80933,-10.0235,30.42908,-0.6925583,-0.4148865,-3.650804,
2.46582,-3.414917,3.40271,-0.7164955,-0.2088928,-3.38058,
0.1953125,-3.991699,-6.219482,-0.8859289,-0.3956604,-3.776727,
0.7873535,-0.6759644,14.87427,-0.5872178,-0.3761292,-2.161016,
-0.04272461,1.184082,7.617188,-0.4072762,-0.227356,-1.470227,
-2.368164,3.622437,19.14978,-0.05338788,0.1281738,-0.07781029,
0.6103516,0.7675171,0.1708984,-0.006344318,0.1226807,-0.004534721,
0.2502441,0.9384155,0.2563477,0.04153371,0.1898193,0.07395267,
-10.82764,-4.23584,-0.2166748,-0.06426096,-0.04180908,0.4623652,
-13.45215,-6.665039,-0.6134033,-0.2450085,-0.5133057,0.8850145,
-1.165771,-0.6286621,0.04577637,-0.2560496,-0.4884338,0.9297371,
-1.885986,5.070496,-7.775879,-1.624664,0.181427,1.0039,
9.887695,2.108765,2.67334,-1.087055,0.1815796,0.6514406,
-10.14404,6.666565,-10.66589,-2.42564,0.5841064,2.329192,
14.52026,-1.867676,8.328247,-1.170254,0.3009033,1.135292,
-9.899902,5.752563,-12.18567,3593.889,5.034485,11.86068,
10.27832,-2.386475,8.111572,-4.093933,3.553619,8.314323,
12.55493,7.559204,-2.005005,-2.816772,5.702057,7.490568,
1.690674,0.2929688,0.9857178,-2.52594,5.563965,6.878719,
10.80322,5.133057,12.33215,-2.349548,6.314697,5.87204,
16.4917,15.99426,8.337402,-3.963928,11.21307,9.272242,
-15.42969,-16.80603,-1.300049,-1.601257,4.877319,2.546663,
19.92188,25.47913,10.70557,-3.908386,11.84967,5.38105,
-17.83447,-15.28473,-8.755493,-2.400513,7.147217,0.4929638,
15.32593,41.82281,11.15417,-6.18042,18.08685,-2.667751,
3.839111,8.390808,20.93506,-3.616943,11.56464,-3.841906,
-17.55371,-38.4201,-14.28223,-0.6137085,2.773438,-2.154694,
18.68286,49.27673,46.10901,-0.6109619,6.94809,-5.523863,
-26.77612,-60.81848,-35.83374,0.6915283,2.901154,-2.41991,
0.7080078,-11.41052,36.58447,2.562256,3.147278,-1.655159,
-5.285645,-26.40686,-4.760742,3.160095,1.196136,0.5435944,
-2.703857,-17.71545,18.94226,6.851807,0.8079529,4.320078,
-7.220459,-27.948,16.18042,12.86255,-0.2085876,11.24855,
-1.312256,-0.4302979,1.934814,-3587.121,-0.1835632,11.20373,
-82.95898,-39.89563,275.116,12.40491,-0.2217102,11.30887,
-19.54956,-10.64758,30.39856,13.20644,-0.0831604,11.60644,
39.86206,39.08997,-241.6718,9.27938,0.3460693,6.842899,
2.612305,8.349609,-12.86926,8.71484,0.4779053,6.067953,
8.428955,42.85278,-51.58386,6.580319,0.9716797,2.240429,
-4.321289,-1.080322,7.30896,6.998572,1.060638,2.395086,
14.70337,9.661865,-54.60815,7.188044,3.006134,-9.990978,
14.22119,3.921509,-23.55957,5.44589,2.510529,-9.460983,
116.2903,1.351929,-210.8978,-0.692873,4.196014,-11.02798,
-9.338379,1.034546,24.37134,-1.320009,3.175964,-7.86993,
11.87744,14.70947,2.716064,-2.264423,4.419403,-6.735516,
3.442383,4.803467,1.16272,-2.566304,4.870758,-6.352329,
49.36523,24.83521,-79.12598,-3.970714,7.750854,-6.853609,
-49.78638,-8.955383,84.69849,-2.52121,5.012207,-2.955236,
-5.529785,17.12036,-1.062012,-3.085589,5.084839,-2.279758,
13.46436,32.71637,-34.15222,-4.786539,6.561584,-1.878033,
-46.30127,-28.5553,45.52917,-2.098112,1.184998,-3.120861,
0.4455566,17.8299,-57.81555,-1.647716,-1.679382,-5.950356,
-41.91895,-38.16528,117.749,-1.318126,-1.810608,-7.394838,
-15.89966,-14.80255,38.04932,-1.395268,-2.150269,-9.196382,
-4.193115,-26.5686,-4.742432,-2.469716,-1.926575,-15.1598,
4.003906,-30.06439,20.04089,-2.166333,-0.3363037,-12.63591,
-3.588867,-21.11206,-1.803589,-2.894285,1.467285,-14.56032,
-6.219482,-30.41229,0.1495361,-3.476479,4.301147,-14.9967,
-4.345703,-43.77899,-16.60767,-3.735988,5.223083,3583.739,
2.44751,71.74988,20.85876,-0.5687928,1.719971,-1.428833,
-10.4187,-14.19678,-12.99438,-0.5876899,1.587524,-1.756897,
4.779053,45.96558,-2.481079,-0.0109601,-0.5783081,-0.7589722,
-1.66626,-3.135681,-1.757813,-0.008432865,-0.6137085,-0.7983398,
-7.312012,20.33386,-33.61511,-0.001606941,-3.215637,-2.928772,
10.28442,1.617432,20.1416,0.004355907,-2.279968,-2.064514,
-32.04346,6.768799,-106.8085,-1.629415,-4.862976,-7.04834,
4.296875,-10.75439,-7.458496,-1.663735,-4.833984,-7.021179,
-32.8125,-28.42102,-5.709839,-2.013617,-1.405334,-4.293213,
22.15576,7.974243,50.11292,-1.427226,-0.2087402,-2.344971,
-34.94873,-11.81946,-7.244873,-0.8102608,0.6719971,-1.116028,
-9.893799,-4.110718,-7.720947,-0.7479119,0.8175659,-1.026306,
-37.78076,-14.0152,-10.91614,-0.0893712,0.4772949,-0.4989624,
-71.33179,-28.74756,-41.51306,0.5811191,0.2185059,-0.05981445,
-44.53125,40.51666,48.45581,3.418415,-0.5334473,2.260742,
-55.0415,-0.8239746,-12.47559,4.615364,-0.8102417,3.161011,
54.43115,12.28638,72.05505,5.370066,-1.471863,3.316956,
152.5879,27.54517,94.87,3.94228,-1.472168,2.153931,
62.10327,7.577515,-10.28137,1.698356,-0.6332397,0.9307861,
-15.50293,46.98181,97.77832,5.812483,-1.678467,0.402832,
42.21802,-6.365967,-37.38403,3.249464,-1.192017,-0.4165649,
73.71216,72.84546,60.17761,3.895812,-3.120422,-4.182129,
48.65723,-20.26978,-26.10779,2.005959,-3.119812,-4.957275,
-0.4882813,-38.96179,-48.19031,0.21348,-2.1698,-3.928833,
397.0398,188.5223,172.0062,0.250349,-9.793701,-16.77826,
-322.9126,-153.8315,-201.4404,-1.214762,-2.030334,-1.501465,
11.04736,3.089905,0.3204346,-1.284881,-2.092285,-1.481018,
100.6104,-20.4361,3.570557,-1.93996,-0.2107239,4.487,
-92.02881,-24.36523,-8.428955,-1.295633,0.01815796,3.479919,
-7.525635,-12.37793,4.833984,-1.130371,1.202087,6.57074,
80.40771,6.889343,16.63208,-1.836801,2.089233,10.30945,
9.0271,-13.86261,37.37183,-3.447781,4.620361,16.77429,
77.45972,-3.439331,26.97754,-4.839568,6.004333,-3577.843,
-354.541,-18.55927,-105.7556,0,0,0,
91.33301,5.830383,69.40002,-3.831215,3.448792,13.49064,
-13.80005,1.40686,3.649902,-3.973629,3.070374,14.31491,
-43.78052,5.610657,9.997559,-4.189379,2.056885,16.5672,
-18.36548,4.838562,-2.401733,-3.692207,1.785583,16.0075,
-15.38696,-17.68646,-80.64575,0,0,0,
-9.210205,48.59467,152.3438,-5.656848,2.402039,26.35162,
-3.948975,-14.888,-65.65552,-2.439038,0.5239868,9.690695,
-1.574707,5.937195,24.84741,-3.032633,0.6106567,12.32748,
26.39771,-11.77521,-65.92102,-0.7753682,-1.454773,-4.247713,
-2.069092,-11.62262,4.312134,-0.601244,-1.896057,-4.81411,
-5.981445,-27.61688,5.654907,-0.1467311,-3.143311,-6.630211,
-16.65649,-16.36963,28.48816,0.2818143,-4.741211,-6.045189,
13.04321,27.74048,-84.06982,0,0,0,
-28.90015,-40.33508,97.5708,0.7152629,-5.516052,-3.968306,
-153.3386,-15.57465,196.2036,3.207589,-16.32294,3.410521,
182.2388,55.90973,-293.7744,0,0,0,
-484.4421,-153.1372,651.7822,7.904883,-38.20374,16.31614,
335.4431,103.4149,-485.3821,2.230184,-10.98022,5.84548,
148.999,49.72229,-166.4001,0,0,0,
-164.2883,-36.07025,155.9937,2.107496,-12.33063,5.150356,
26.87988,9.230042,-39.96277,1.425111,-10.99609,3.381195,
44.37866,16.94641,-64.42566,0.3332615,-8.887177,0.5569839,
125.8362,15.36255,-167.1082,-3.401196,-6.089935,-3.959513,
69.78149,7.48291,-88.72681,-5.352781,-4.159088,-6.271896,
31.31104,14.4989,12.91809,-4.817395,0.2920532,-3.97316,
-133.8989,-27.45056,191.3116,0,0,0,
216.5588,47.83478,-289.328,-7.618888,4.233398,-5.981731,
-123.1628,-28.14484,166.6138,-3.470485,3.284149,-2.901669,
-8.178711,-4.264832,7.901001,-3.329275,3.822937,-3.585892,
2.404785,-1.196289,-7.269287,3596.323,5.155334,-5.085115,
-7.543945,0.5462646,19.38171,-3.783569,8.893127,-7.855959,
-80.07813,-14.77509,102.7008,0,0,0,
67.07153,4.73938,-76.55945,-3.615723,11.10321,-9.442163,
-49.23096,-11.83167,101.6052,-1.49292,4.778137,-2.411046,
-11.15112,-5.661011,27.02332,-1.176147,3.491821,-0.9875584,
2.337646,-7.751465,35.44617,-1.914978,1.225739,-0.4187489,
-9.0271,20.50476,-87.51526,0,0,0,
12.70142,-46.77124,166.5863,-4.633484,1.685028,-3.616915,
-6.341553,17.99316,-78.47595,-2.86377,0.6744385,-3.009667,
-10.7666,9.70459,11.91711,-5.978699,2.788391,-16.25329,
19.93408,-25.55389,-6.671143,-6.296082,3.091736,-17.54671,
-4.370117,17.34619,-82.5592,-2.852783,3.108978,-13.9662,
-7.574463,7.910156,-28.85132,-1.46759,2.809296,-11.57215,
-2.081299,63.40485,-44.08264,1.158752,0.5627441,3592.615,
-1.501465,-44.03381,62.13684,0,0,0,
-0.7568359,64.08539,-73.47412,1.71936,-0.342865,-6.505737,
-3.808594,63.52386,-20.7489,3.275146,-3.059235,-2.969055,
4.56543,-127.6093,94.22302,0,0,0,
-43.573,494.0872,-500.766,15.04761,-11.20621,-7.634277,
33.09326,-435.3729,409.0759,1.875305,-0.03509521,-1.64032,
-12.29858,39.4577,-113.3453,3.317566,2.009125,-4.046326,
0.7141113,-100.8682,47.9126,2.532043,3.557434,-3.044739,
3.717041,-27.49329,17.61475,2.319336,3.857422,-2.652283,
-12.29248,-59.44672,-32.25708,3.79303,4.796448,-2.544556,
5.377197,5.885315,57.29065,3.000793,3.2547,-1.396179,
-15.75317,-5.841064,9.863281,-3594.478,2.934875,-0.1123047,
-12.17041,-3.869629,8.66394,7.291123,2.644653,0.8596802,
4.25415,-3.182983,21.27991,7.40408,2.377319,1.079712,
37.86621,23.05756,106.8756,5.266286,0.7275391,1.357422,
26.92871,50.23041,3.833008,3.103256,0.8680725,0.7833862,
13.0127,21.58508,3.671265,2.28344,0.9812927,0.5664063,
14.37378,-0.09613037,2.893066,1.975861,1.307678,0.6741333,
60.95581,-0.5325317,18.54553,1.242104,2.713318,1.167908,
37.91504,2.410889,-17.38281,0.393858,2.354279,2.293091,
132.135,2.653503,-0.6591797,-0.5965352,3.119354,5.119019,
54.07715,-6.307983,-8.383179,-0.8948302,3.483582,6.802979,
-169.2871,-9.210205,-48.24829,-0.717361,1.208191,4.60022,
7.073975,-4.309082,-3.863525,-0.7447648,1.164703,4.959106,
-13.80005,-9.295654,-19.61975,-0.6204987,0.4652405,5.317383,
-8.050537,-0.5615234,2.383423,-0.5620241,0.460968,-3594.93,
51.44653,-15.77454,-45.09277,-0.7516146,2.322083,8.452347,
-74.79858,13.1073,27.14844,-0.4342365,1.622314,5.396656,
46.60645,7.589722,-40.32288,-0.4163504,7.584839,14.18245,
75.3479,-13.04626,-43.27698,-0.6645632,11.29715,20.86784,
-194.5618,35.32715,134.8846,-0.1417756,5.977783,9.856811,
3.851318,0.0793457,0.9460449,-0.2311873,6.477966,10.72578,
-7.452393,16.29333,37.46643,-0.5309296,8.901062,14.7714,
-30.18799,-7.362366,-16.85486,-0.2770567,3.598938,5.991459,
7.434082,17.88788,42.00439,-1.099193,8.709106,14.04732,
-17.23022,4.792786,13.67188,-1.598461,8.245239,12.76293,
-31.47583,-6.724548,-20.73669,-3.179064,7.485962,7.121954,
-11.07788,-0.5706787,3.68042,-4.056549,8.190002,6.531858,
-13.59863,-2.424622,-26.86768,-4.008076,6.526794,2.358179,
15.38086,-12.95013,-36.91711,-1.805695,1.956787,-1.902666,
-0.4821777,-2.165222,1.095581,-1.46868,1.401062,-2.570181,
-16.58325,-1.473999,0.02441406,-1.261963,0.5953979,-5.420246,
19.83643,-3.659058,8.666992,-0.3566688,-0.03173828,-3.131266,
-22.19238,-1.994324,28.55225,0.8665401,-1.53595,-4.506702,
-55.99976,4.574585,79.19006,3.728828,-4.414063,-3.290834,
-36.57227,1.042175,70.23315,6.399553,-6.836853,-0.1361084,
-3.015137,-8.053589,4.800415,6.658008,-7.001953,0.7767105,
43.28003,-8.126831,-61.22131,5.121408,-4.783325,5.211973,
-58.20923,-7.461548,59.07288,7.842128,-7.182007,8.334951,
49.15771,5.491638,-77.50244,5.494578,-4.700623,7.22599,
-13.80615,-2.081299,11.65771,6.132154,-5.197449,7.992287,
-10.34546,6.599426,-24.09058,7.33377,-7.10022,9.094534,
36.42578,2.467346,-27.99377,5.492487,-5.362549,6.701231,
57.58057,2.561951,-96.30127,5.182009,-6.784363,2.420197,
-14.69727,-3.135681,-33.39844,8.013659,-11.16089,2.813587,
133.2031,15.78979,-18.45398,-0.2533674,-1.716003,-4.421482,
37.71362,4.61731,-39.91089,-0.6336784,-2.290649,-6.74799,
6.524658,9.341431,20.35828,-1.726518,0.6732178,-5.780973,
-2.215576,-1.089478,1.693726,-1.716518,0.7066345,-5.667906,
18.86597,8.105469,-5.722046,-2.053332,0.8192444,-5.79237,
10.7666,4.837036,-1.727295,-2.265034,0.8996582,-5.696344,
64.61792,6.382751,-44.94629,-3.848891,-0.02258301,-7.540541,
-38.29956,-19.39392,26.9165,-3.462844,-0.7354736,-5.949726,
-65.6189,-11.65619,41.37878,-2.919836,-1.063385,-4.927893,
-78.23486,-5.335999,46.62476,-2.861228,-1.931915,-4.597893,
-13.52539,-12.06055,4.30603,-3.94804,-2.936554,-6.569014,
-19.21997,-10.17303,15.1886,-3.817773,-3.014069,-6.483669,
-5.0354,-24.79401,-5.014038,-6.405814,-4.221802,-10.03497,
3.076172,-5.915833,6.533813,-5.639205,-2.963715,-8.114839,
8.099365,-34.17206,-31.49109,-11.70669,-6.473236,-12.75628,
17.63306,2.284241,-17.25464,-12.23357,-6.795502,-10.40961,
8.624268,-3.02124,-1.031494,3588.959,-6.242218,-8.770757,
18.82935,-5.560303,-17.26379,-5.665588,-7.691956,0.8033466,
-17.11426,38.47656,27.53906,-3.155212,-4.865417,0.8194351,
6.585693,39.96887,-19.40002,-1.46759,-5.733185,2.36052,
-3.106689,-2.490234,0.8911133,-1.411133,-5.610199,2.31988,
-5.688477,88.17749,-25.12512,0.8505249,-8.294373,0.8196354,
-9.881592,-21.6217,30.70984,0.7501221,-5.667114,0.4400444,
-13.81226,282.9559,-106.073,4.15741,-6.425476,-10.45332,
-3.765869,-88.09509,50.14648,3.137817,-4.07196,-8.226673,
1.531982,-99.07532,48.0072,1.320801,0.592041,-6.50707,
-0.6774902,44.62585,-24.10889,1.491699,2.211914,-9.230312,
-3.009033,-148.1674,29.18396,0.4925537,2.765961,-5.030845,
-5.688477,23.63586,-72.78748,-3599.007,5.915222,-9.838802,
3.570557,-72.35565,73.79456,0.411104,1.951141,3596.401,
-10.0769,-29.43573,-106.4819,1.06408,4.284973,-8.274841,
-89.81934,-185.3592,-230.368,3.220293,7.090759,-14.23584,
-3.094482,-8.685303,56.23474,3.207307,5.355835,-11.0199,
8.94165,57.06177,112.5916,2.984291,3.314209,-6.99707,
-49.07837,-13.99689,32.82166,4.172009,2.209167,-5.021973,
53.87573,87.91046,95.77942,3.210578,1.286011,-2.783508,
-34.62524,7.269287,0.4699707,5.372778,1.542053,-3.023987,
62.53052,51.95313,74.60022,3.879282,0.9957886,-1.307983,
20.04395,26.6037,45.57495,4.388375,1.016388,-0.5215454,
46.09985,11.26404,46.40808,4.859996,0.6202698,0.2047729,
181.5674,44.52057,193.7378,7.603199,-0.8569336,3.016663,
-46.25244,-14.70795,-101.062,3.954802,-0.3302002,2.252502,
16.38794,-2.001953,-67.34619,0.3585625,0.2563477,2.632141,
67.50488,6.430054,17.22107,0.06710052,0.6309509,4.024658,
-40.89355,-24.09668,-68.32886,-1.082101,1.052399,3.727112,
-20.06836,-2.322388,-4.165649,-0.9609604,0.9625244,3.319397,
50.20142,-41.64124,-26.53503,-2.301588,3.662415,7.50946,
-55.27954,6.626892,-1.217651,-1.703558,2.718658,5.522766,
94.33594,-13.32092,-26.91345,-4.866283,10.76248,-3574.15,
-4.6875,-5.856323,1.113892,-5.046523,10.67413,25.76681,
-113.1287,14.92615,43.56079,-3.962924,9.926758,26.68911,
-60.22949,11.28235,-0.793457,-2.449739,6.192932,17.18829,
-13.83057,12.94708,16.99524,-2.510965,6.99585,18.33496,
15.06348,2.009583,22.08252,-3.60743,10.02014,26.0316,
-17.74292,13.591,-13.64746,-2.198304,6.855774,13.78918,
9.747314,6.584167,7.8125,-2.489568,7.859497,14.53635,
11.6333,22.21985,35.23865,-4.28241,14.92004,10.26801,
-15.33813,2.06604,0.2593994,-4.302249,14.68384,3.851261,
-21.51489,-2.578735,-40.76233,-2.541779,8.226013,-0.5607605,
-12.42065,2.84729,-26.12305,-1.470982,4.660034,-3.8836,
1.483154,24.63684,0.6774902,-1.862698,5.577698,-4.516907,
-16.46118,-20.09277,-14.66064,-0.9320584,2.586365,-1.948891,
0.5493164,-7.406616,2.624512,-0.5557385,1.585388,-0.8471394,
5.340576,4.31366,8.917236,-0.04280821,0.3649902,0.9558201,
-0.7507324,-26.65405,25.79651,1.321302,-1.862488,0.453949,
6.182861,-20.82977,47.37244,3.349725,-5.071106,0.1049614,
3.68042,-22.06421,45.80994,5.050681,-7.506104,-1.007452,
-20.64209,-22.89429,-42.66357,3.51393,-4.901733,-2.757788,
0.3234863,-1.017761,1.177979,3.505541,-4.941101,-2.784767,
-35.9436,-95.09888,100.1709,7.535501,-9.655151,-4.733248,
1.293945,35.69489,-49.79858,5.667336,-7.092285,-3.015699,
-19.84863,16.30859,-21.42639,5.359395,-5.881348,-0.4212093,
-6.542969,-11.43494,14.09302,5.969231,-6.557617,-0.5177879,
-123.7122,-13.58032,86.08093,14.29582,-9.992065,11.39215,
45.69092,36.84845,-73.31848,10.37386,-6.719971,9.311924,
66.19873,38.52539,-128.9215,5.578332,-1.908264,7.862692,
32.26929,19.94781,-27.08435,3.063569,-0.4949951,5.204906,
9.423828,32.61414,-52.81677,2.910056,-0.3695679,4.516716,
13.25073,9.689331,-2.145386,1.874576,-0.1544189,2.751064,
25.01221,-8.746338,25.67444,0.2117014,0.2172852,-0.1838684,
50.43335,30.14526,-99.73755,-0.2797604,1.270752,-2.909679,
-5.474854,-21.47217,57.60193,-1.135187,0.8581543,-6.502113,
69.6167,16.07056,-81.56128,-2.955747,1.862488,-16.38951,
27.33765,10.45227,-16.13464,-3.62205,2.388,-18.83269,
-101.8311,-27.44141,132.016,-1.176233,0.8169556,-5.357151,
